,index,year,round,pick,player,position,school
0,422,1989,1,1.0,Pervis Ellison,PF,Louisville 
1,423,1989,1,2.0,Danny Ferry,PF,Duke 
2,424,1989,1,3.0,Sean Elliott,SF/SG,Arizona 
3,425,1989,1,4.0,Glen Rice,SF,Michigan 
4,426,1989,1,5.0,J. R. Reid,PF/C,North Carolina 
5,427,1989,1,6.0,Stacey King,C,Oklahoma 
6,428,1989,1,7.0,George McCloud,SG/SF,Florida State 
7,429,1989,1,8.0,Randy White,PF,Louisiana Tech 
8,430,1989,1,9.0,Tom Hammonds,PF/C,Georgia Tech 
9,431,1989,1,10.0,Pooh Richardson,PG,UCLA 
10,432,1989,1,11.0,Nick Anderson,SF/SG,Illinois 
11,433,1989,1,12.0,Mookie Blaylock,PG,Oklahoma 
12,434,1989,1,13.0,Michael Smith,PF,BYU 
13,435,1989,1,14.0,Tim Hardaway*,PG,UTEP 
14,436,1989,1,15.0,Todd Lichti,SG,Stanford 
15,437,1989,1,16.0,Dana Barros,PG,Boston College 
16,438,1989,1,17.0,Shawn Kemp,PF/C,Trinity Valley CC
17,439,1989,1,18.0,B. J. Armstrong,PG,Iowa 
18,440,1989,1,19.0,Kenny Payne,PF,Louisville 
19,441,1989,1,20.0,Jeff Sanders,PF/C,Georgia Southern 
20,442,1989,1,21.0,Blue Edwards,SF/SG,East Carolina 
21,443,1989,1,22.0,Byron Irvin,SG,Missouri 
22,444,1989,1,23.0,Roy Marble,SG/SF,Iowa 
23,445,1989,1,24.0,Anthony Cook,PF/C,Arizona 
24,446,1989,1,25.0,John Morton,PG,Seton Hall 
25,447,1989,1,26.0,Vlade Divac,C,KK Partizan 
26,448,1989,1,27.0,Kenny Battle,PF,Illinois 
27,449,1989,2,28.0,Sherman Douglas,G,Syracuse 
28,450,1989,2,29.0,Dyron Nix,F,Tennessee 
29,451,1989,2,30.0,Frank Kornet,F,Vanderbilt 
30,452,1989,2,31.0,Jeff Martin,G,Murray State 
31,453,1989,2,32.0,Stanley Brundy,F,DePaul 
32,454,1989,2,33.0,Jay Edwards,G,Indiana 
33,455,1989,2,34.0,Gary Leonard,C,Missouri 
34,456,1989,2,35.0,Pat Durham,F,Colorado State 
35,457,1989,2,36.0,Cliff Robinson,PF/C,Connecticut 
36,458,1989,2,37.0,Michael Ansley,F,Alabama 
37,459,1989,2,38.0,Doug West,G/F,Villanova 
38,460,1989,2,39.0,Ed Horton,PF/C,Iowa 
39,461,1989,2,40.0,Dino Rađa,PF,KK Split 
40,462,1989,2,41.0,Doug Roth,C,Tennessee 
41,463,1989,2,42.0,Michael Cutright,SG,McNeese State 
42,464,1989,2,43.0,Chucky Brown,PF,North Carolina State 
43,465,1989,2,44.0,Reggie Cross,PF,Hawaii 
44,466,1989,2,45.0,Scott Haffner,G,Evansville 
45,467,1989,2,46.0,Ricky Blanton,F,LSU 
46,468,1989,2,47.0,Reggie Turner,SF,UAB 
47,469,1989,2,48.0,Junie Lewis,PG,South Alabama 
48,470,1989,2,49.0,Haywoode Workman,G,Oral Roberts 
49,471,1989,2,50.0,Brian Quinnett,F,Washington State 
50,472,1989,2,51.0,Mike Morrison,G,Loyola 
51,473,1989,2,52.0,Greg Grant,G,Trenton State 
52,474,1989,2,53.0,Jeff Hodge,SG,South Alabama 
53,475,1989,2,54.0,Toney Mack,SG,Georgia 
54,476,1990,1,1.0,Derrick Coleman,PF/C,Syracuse
55,477,1990,1,2.0,Gary Payton,PG,Oregon State
56,478,1990,1,3.0,Chris Jackson,PG,LSU
57,479,1990,1,4.0,Dennis Scott,SG/SF,Georgia Tech
58,480,1990,1,5.0,Kendall Gill,SG,Illinois
59,481,1990,1,6.0,Felton Spencer,C,Louisville
60,482,1990,1,7.0,Lionel Simmons,SF,La Salle
61,483,1990,1,8.0,Bo Kimble,SG,Loyola Marymount
62,484,1990,1,9.0,Willie Burton,SG,Minnesota
63,485,1990,1,10.0,Rumeal Robinson,PG,Michigan
64,486,1990,1,11.0,Tyrone Hill,PF,Xavier
65,487,1990,1,12.0,Alec Kessler,PF,Georgia
66,488,1990,1,13.0,Loy Vaught,PF,Michigan
67,489,1990,1,14.0,Travis Mays,PG,Texas
68,490,1990,1,15.0,Dave Jamerson,SG,Ohio
69,491,1990,1,16.0,Terry Mills,SF,Michigan
70,492,1990,1,17.0,Jerrod Mustaf,F/C,Maryland
71,493,1990,1,18.0,Duane Causwell,C,Temple
72,494,1990,1,19.0,Dee Brown,SG,Jacksonville
73,495,1990,1,20.0,Gerald Glass,SF/SG,Ole Miss
74,496,1990,1,21.0,Jayson Williams,PF/C,St. John's
75,497,1990,1,22.0,Tate George,SG,Connecticut
76,498,1990,1,23.0,Anthony Bonner,PF/SF,Saint Louis
77,499,1990,1,24.0,Dwayne Schintzius,C,Florida
78,500,1990,1,25.0,Alaa Abdelnaby,PF,Duke
79,501,1990,1,26.0,Lance Blanks,PG/SG,Texas
80,502,1990,1,27.0,Elden Campbell,PF/C,Clemson
81,503,1990,2,28.0,Les Jepsen,C,Iowa
82,504,1990,2,29.0,Toni Kukoč,SF,KK Split 
83,505,1990,2,30.0,Carl Herrera,PF,Houston
84,506,1990,2,31.0,Negele Knight,G,Dayton
85,507,1990,2,32.0,Brian Oliver,G,Georgia Tech
86,508,1990,2,33.0,Walter Palmer,C/F,Dartmouth
87,509,1990,2,34.0,Kevin Pritchard,G,Kansas
88,510,1990,2,35.0,Greg Foster,F/C,UTEP
89,511,1990,2,36.0,Trevor Wilson,F,UCLA
90,512,1990,2,37.0,A.J. English,G,Virginia Union
91,513,1990,2,38.0,Jud Buechler,F/G,Arizona
92,514,1990,2,39.0,Steve Scheffler,C/F,Purdue
93,515,1990,2,40.0,Bimbo Coles,G,Virginia Tech
94,516,1990,2,41.0,Steve Bardo,G,Illinois
95,517,1990,2,42.0,Marcus Liberty,F,Illinois
96,518,1990,2,43.0,Tony Massenburg,F,Maryland
97,519,1990,2,44.0,Steve Henson,G,Kansas State
98,520,1990,2,45.0,Antonio Davis,F/C,UTEP
99,521,1990,2,46.0,Kenny Williams,F,Elizabeth City State
100,522,1990,2,47.0,Derek Strong,F,Xavier
101,523,1990,2,48.0,Cedric Ceballos,F,Cal State Fullerton
102,524,1990,2,49.0,Phil Henderson,SG,Duke
103,525,1990,2,50.0,Miloš Babić,C,Tennessee Tech
104,526,1990,2,51.0,Tony Smith,G,Marquette
105,527,1990,2,52.0,Stefano Rusconi,PF/C,Ranger Varese 
106,528,1990,2,53.0,Abdul Shamsid-Deen,C,Providence
107,529,1990,2,54.0,Sean Higgins,G/F,Michigan
108,530,1991,1,1.0,"Johnson, Larry",PF,UNLV
109,531,1991,1,2.0,"Anderson, Kenny",PG,Georgia Tech
110,532,1991,1,3.0,"Owens, Billy",SF,Syracuse
111,533,1991,1,4.0,"Mutombo, Dikembe",C,Georgetown
112,534,1991,1,5.0,"Smith, Steve",SG,Michigan State
113,535,1991,1,6.0,"Smith, Doug",PF,Missouri
114,536,1991,1,7.0,"Longley, Luc",C,New Mexico
115,537,1991,1,8.0,"Macon, Mark",SG,Temple
116,538,1991,1,9.0,Stacey Augmon,SG/SF,UNLV
117,539,1991,1,10.0,"Williams, Brian",PF/C,Arizona
118,540,1991,1,11.0,"Brandon, Terrell",PG,Oregon
119,541,1991,1,12.0,"Anthony, Greg",PG,UNLV
120,542,1991,1,13.0,"Davis, Dale",PF,Clemson
121,543,1991,1,14.0,"King, Rich",C,Nebraska
122,544,1991,1,15.0,"Avent, Anthony",PF,Seton Hall
123,545,1991,1,16.0,"Gatling, Chris",PF,Old Dominion
124,546,1991,1,17.0,"Alexander, Victor",C,Iowa State
125,547,1991,1,18.0,"Brooks, Kevin",SF,Southwestern Louisiana
126,548,1991,1,19.0,"Smith, LaBradford",SG,Louisville
127,549,1991,1,20.0,"Turner, John",PF,Phillips
128,550,1991,1,21.0,"Murdock, Eric",PG,Providence
129,551,1991,1,22.0,"Ellis, LeRon",PF,Syracuse
130,552,1991,1,23.0,"Roberts, Stanley",C,Real Madrid
131,553,1991,1,24.0,"Fox, Rick",SF,North Carolina
132,554,1991,1,25.0,"Vandiver, Shaun",PF,Colorado
133,555,1991,1,26.0,"Randall, Mark",PF,Kansas
134,556,1991,1,27.0,"Chilcutt, Pete",PF,North Carolina
135,557,1991,2,28.0,"Lynch, Kevin",G/F,Minnesota
136,558,1991,2,29.0,"Ackles, George",C/PF,UNLV
137,559,1991,2,30.0,"Monroe, Rodney",G/F,NC State
138,560,1991,2,31.0,"Brown, Randy",PG,New Mexico State
139,561,1991,2,32.0,"Gallagher, Chad",C,Creighton
140,562,1991,2,33.0,"Hodge, Donald",C,Temple
141,563,1991,2,34.0,"Brown, Myron",G,Slippery Rock
142,564,1991,2,35.0,"Iuzzolino, Mike",G,Saint Francis (PA)
143,565,1991,2,36.0,"Corchiani, Chris",G,NC State
144,566,1991,2,37.0,"Perry, Elliot",PG,Memphis State
145,567,1991,2,38.0,"Wylie, Joe",PF,Miami (FL)
146,568,1991,2,39.0,"Oliver, Jimmy",G/F,Purdue
147,569,1991,2,40.0,"Overton, Doug",PG,La Salle
148,570,1991,2,41.0,"Green, Sean",F/G,Iona
149,571,1991,2,42.0,"Hood, Steve",SF,James Madison
150,572,1991,2,43.0,"Strothers, Lamont",G,Christopher Newport
151,573,1991,2,44.0,"Teherán, Álvaro",C,Houston
152,574,1991,2,45.0,"Phills, Bobby",SG,Southern
153,575,1991,2,46.0,"Dumas, Richard",F,Hapoel Holon
154,576,1991,2,47.0,"Hughes, Keith",PF,Rutgers
155,577,1991,2,48.0,"Austin, Isaac",C,Arizona State
156,578,1991,2,49.0,"Sutton, Greg",G,Oral Roberts
157,579,1991,2,50.0,"Wright, Joey",SG,Texas
158,580,1991,2,51.0,"Tabak, Žan",C,KK Split
159,581,1991,2,52.0,"Jones, Anthony",SF,Oral Roberts
160,582,1991,2,53.0,"McDade, Von",SG,Milwaukee
161,583,1991,2,54.0,"Kennedy, Marcus",PF,Eastern Michigan
162,584,1992,1,1.0,Shaquille O'Neal,C,LSU 
163,585,1992,1,2.0,Alonzo Mourning,C,Georgetown 
164,586,1992,1,3.0,Christian Laettner,PF,Duke 
165,587,1992,1,4.0,Jimmy Jackson,SG,Ohio State 
166,588,1992,1,5.0,LaPhonso Ellis,PF,Notre Dame 
167,589,1992,1,6.0,Tom Gugliotta,PF,NC State 
168,590,1992,1,7.0,Walt Williams,SF,Maryland 
169,591,1992,1,8.0,Todd Day,SG,Arkansas 
170,592,1992,1,9.0,Clarence Weatherspoon,PF,Southern Miss 
171,593,1992,1,10.0,Adam Keefe,PF,Stanford 
172,594,1992,1,11.0,Robert Horry,SF,Alabama 
173,595,1992,1,12.0,Harold Miner,SG,USC 
174,596,1992,1,13.0,Bryant Stith,SG,Virginia 
175,597,1992,1,14.0,Malik Sealy,SF,St. John's 
176,598,1992,1,15.0,Anthony Peeler,SG,Missouri 
177,599,1992,1,16.0,Randy Woods,PG,La Salle 
178,600,1992,1,17.0,Doug Christie,SG,Pepperdine 
179,601,1992,1,18.0,Tracy Murray,SF,UCLA 
180,602,1992,1,19.0,Don MacLean,PF,UCLA 
181,603,1992,1,20.0,Hubert Davis,SG,North Carolina 
182,604,1992,1,21.0,Jon Barry,SG,Georgia Tech 
183,605,1992,1,22.0,Oliver Miller,C,Arkansas 
184,606,1992,1,23.0,Lee Mayberry,PG,Arkansas 
185,607,1992,1,24.0,Latrell Sprewell,SG,Alabama 
186,608,1992,1,25.0,Elmore Spencer,C,UNLV 
187,609,1992,1,26.0,Dave Johnson,SF,Syracuse 
188,610,1992,1,27.0,Byron Houston,PF,Oklahoma State 
189,611,1992,2,28.0,Marlon Maxey,PF,UTEP
190,612,1992,2,29.0,P. J. Brown,PF,Louisiana Tech
191,613,1992,2,30.0,Sean Rooks,PF/C,Arizona
192,614,1992,2,31.0,Reggie Smith,C,TCU
193,615,1992,2,32.0,Brent Price,G,Oklahoma
194,616,1992,2,33.0,Corey Williams,G,Oklahoma State
195,617,1992,2,34.0,Chris Smith,G,Connecticut
196,618,1992,2,35.0,Tony Bennett,G,Wisconsin–Green Bay
197,619,1992,2,36.0,Duane Cooper,G,USC
198,620,1992,2,37.0,Isaiah Morris,F,Arkansas
199,621,1992,2,38.0,Elmer Bennett,G,Notre Dame
200,622,1992,2,39.0,Litterial Green,G,Georgia
201,623,1992,2,40.0,Steve Rogers,SG/SF,Alabama State
202,624,1992,2,41.0,Popeye Jones,F,Murray State
203,625,1992,2,42.0,Matt Geiger,C,Georgia Tech
204,626,1992,2,43.0,Predrag Danilović,SG,"KK Partizan, Yugoslavia"
205,627,1992,2,44.0,Henry Williams,G,UNC-Charlotte
206,628,1992,2,45.0,Chris King,F,Wake Forest
207,629,1992,2,46.0,Robert Werdann,C,St. John's
208,630,1992,2,47.0,Darren Morningstar,C,Pittsburgh
209,631,1992,2,48.0,Brian Davis,F/G,Duke
210,632,1992,2,49.0,Ron Ellis,PF,Louisiana Tech
211,633,1992,2,50.0,Matt Fish,F,UNC-Wilmington
212,634,1992,2,51.0,Tim Burroughs,PF,Jacksonville
213,635,1992,2,52.0,Matt Steigenga,F,Michigan State
214,636,1992,2,53.0,Curtis Blair,PG,Richmond
215,637,1992,2,54.0,Brett Roberts,SF,Morehead State
216,638,1993,1,1.0,"Webber, Chris",PF/C,Michigan
217,639,1993,1,2.0,"Bradley, Shawn",C,BYU
218,640,1993,1,3.0,"Hardaway, Penny",PG/SG,Memphis State
219,641,1993,1,4.0,"Mashburn, Jamal",SF,Kentucky
220,642,1993,1,5.0,"Rider, Isaiah",SG,UNLV
221,643,1993,1,6.0,"Cheaney, Calbert",SG/SF,Indiana
222,644,1993,1,7.0,"Hurley, Bobby",PG,Duke
223,645,1993,1,8.0,"Baker, Vin",PF,Hartford
224,646,1993,1,9.0,"Rogers, Rodney",PF,Wake Forest
225,647,1993,1,10.0,"Hunter, Lindsey",PG,Jackson State
226,648,1993,1,11.0,"Houston, Allan",SG,Tennessee
227,649,1993,1,12.0,"Lynch, George",SF,North Carolina
228,650,1993,1,13.0,"Dehere, Terry",SG,Seton Hall
229,651,1993,1,14.0,"Haskin, Scott",PF,Oregon State
230,652,1993,1,15.0,"Edwards, Doug",SF,Florida State
231,653,1993,1,16.0,"Walters, Rex",SG,Kansas
232,654,1993,1,17.0,"Graham, Greg",SG,Indiana
233,655,1993,1,18.0,"Wright, Luther",C,Seton Hall
234,656,1993,1,19.0,"Earl, Acie",C,Iowa
235,657,1993,1,20.0,"Burrell, Scott",SF,Connecticut
236,658,1993,1,21.0,"Robinson, James",SG,Alabama
237,659,1993,1,22.0,"Mills, Chris",SF,Arizona
238,660,1993,1,23.0,"Johnson, Ervin",C,New Orleans
239,661,1993,1,24.0,"Cassell, Sam",PG,Florida State
240,662,1993,1,25.0,"Blount, Corie",PF,Cincinnati
241,663,1993,1,26.0,"Hammink, Geert",C,LSU
242,664,1993,1,27.0,"Mackey, Malcolm",PF,Georgia Tech
243,665,1993,2,28.0,"Harris, Lucious",PG,Long Beach State
244,666,1993,2,29.0,"Mills, Sherron",F/C,VCU
245,667,1993,2,30.0,"Mureșan, Gheorghe",C,Pau-Orthez
246,668,1993,2,31.0,"Burns, Evers",F,Maryland
247,669,1993,2,32.0,"Ford, Alphonso",SG,Mississippi Valley State
248,670,1993,2,33.0,"Riley, Eric",C,Michigan
249,671,1993,2,34.0,"Mee, Darnell",SG,Western Kentucky
250,672,1993,2,35.0,"Stokes, Ed",C,Arizona
251,673,1993,2,36.0,"Best, John",F/C,Tennessee Tech
252,674,1993,2,37.0,"Van Exel, Nick",PG,Cincinnati
253,675,1993,2,38.0,"McRae, Conrad",PF,Syracuse
254,676,1993,2,39.0,"Hill, Thomas",SG/SF,Duke
255,677,1993,2,40.0,"Manning, Rich",C,Washington
256,678,1993,2,41.0,"Reed, Anthony",F,Tulane
257,679,1993,2,42.0,"Jordan, Adonis",PG,Kansas
258,680,1993,2,43.0,"Grant, Josh",PF,Utah
259,681,1993,2,44.0,"Holcombe, Alex",C,Baylor
260,682,1993,2,45.0,"Russell, Bryon",SF,Long Beach State
261,683,1993,2,46.0,"Petruška, Richard",C,UCLA
262,684,1993,2,47.0,"Whitney, Chris",PG,Clemson
263,685,1993,2,48.0,"Thompson, Kevin",C,NC State
264,686,1993,2,49.0,"Buford, Mark",C,Mississippi Valley State
265,687,1993,2,50.0,"Nicola, Marcelo",PF,Taugres
266,688,1993,2,51.0,"Dunkley, Spencer",C,Delaware
267,689,1993,2,52.0,"Peplowski, Mike",C,Michigan State
268,690,1993,2,53.0,"White, Leonard",F,Southern
269,691,1993,2,54.0,"Wilson, Byron",SG/SF,Utah
270,692,1994,1,1.0,"Robinson, Glenn",SF,Purdue
271,693,1994,1,2.0,"Kidd, Jason",PG,California
272,694,1994,1,3.0,"Hill, Grant",SF,Duke
273,695,1994,1,4.0,"Marshall, Donyell",SF,Connecticut
274,696,1994,1,5.0,"Howard, Juwan",PF,Michigan
275,697,1994,1,6.0,"Wright, Sharone",PF/C,Clemson
276,698,1994,1,7.0,"Murray, Lamond",SF,California
277,699,1994,1,8.0,"Grant, Brian",PF,Xavier
278,700,1994,1,9.0,"Montross, Eric",C,North Carolina
279,701,1994,1,10.0,"Jones, Eddie",SG,Temple
280,702,1994,1,11.0,"Rogers, Carlos",SF,Tennessee State
281,703,1994,1,12.0,"Reeves, Khalid",PG,Arizona
282,704,1994,1,13.0,"Rose, Jalen",G/F,Michigan
283,705,1994,1,14.0,"Dare, Yinka",C,George Washington
284,706,1994,1,15.0,"Piatkowski, Eric",SG,Nebraska
285,707,1994,1,16.0,"Rozier, Clifford",PF,Louisville
286,708,1994,1,17.0,"McKie, Aaron",SG,Temple
287,709,1994,1,18.0,"Mobley, Eric",PF,Pittsburgh
288,710,1994,1,19.0,"Dumas, Tony",SG,UMKC
289,711,1994,1,20.0,"Tyler, B.J.",PG,Texas
290,712,1994,1,21.0,"Simpkins, Dickey",PF,Providence
291,713,1994,1,22.0,"Curley, Bill",PF,Boston College
292,714,1994,1,23.0,"Person, Wesley",SG,Auburn
293,715,1994,1,24.0,"Williams, Monty",SF,Notre Dame
294,716,1994,1,25.0,"Minor, Greg",SG,Louisville
295,717,1994,1,26.0,"Ward, Charlie",PG,Florida State
296,718,1994,1,27.0,"Thompson, Brooks",PG,Oklahoma State
297,719,1994,2,28.0,"Thomas, Deon",F/C,Illinois
298,720,1994,2,29.0,"Lang, Antonio",F/G,Duke
299,721,1994,2,30.0,"Eisley, Howard",PG,Boston College
300,722,1994,2,31.0,"Dent, Rodney",F/C,Kentucky
301,723,1994,2,32.0,"McIlvaine, Jim",C,Marquette
302,724,1994,2,33.0,"Alston, Derrick",F,Duquesne
303,725,1994,2,34.0,"Nickerson, Gaylon",G,Northwestern Oklahoma State
304,726,1994,2,35.0,"Smith, Michael",F,Providence
305,727,1994,2,36.0,"Fetisov, Andrei",F,Forum Valladolid
306,728,1994,2,37.0,"Wingfield, Dontonio",F,Cincinnati
307,729,1994,2,38.0,"Hancock, Darrin",G/F,Kansas
308,730,1994,2,39.0,"Miller, Anthony",F,Michigan State
309,731,1994,2,40.0,"Webster, Jeff",F,Oklahoma
310,732,1994,2,41.0,"Njoku, William",PF,St. Mary's (Canada)
311,733,1994,2,42.0,"Collier, Gary",SF,Tulsa
312,734,1994,2,43.0,"Scott, Shawnelle",C,St. John's
313,735,1994,2,44.0,"Bailey, Damon",G,Indiana
314,736,1994,2,45.0,"Morton, Dwayne",F,Louisville
315,737,1994,2,46.0,"Lenard, Voshon",SG,Minnesota
316,738,1994,2,47.0,"Watson, Jamie",F,South Carolina
317,739,1994,2,48.0,"Crudup, Jevon",F/C,Missouri
318,740,1994,2,49.0,"Bruton, Kris",SF,Benedict
319,741,1994,2,50.0,"Claxton, Charles",C,Georgia
320,742,1994,2,51.0,"Funderburke, Lawrence",PF,Ohio State
321,743,1994,2,52.0,"Goldwire, Anthony",PG,Houston
322,744,1994,2,53.0,"Burditt, Albert",PF,Texas
323,745,1994,2,54.0,"Rebrača, Željko",C,KK Partizan
324,746,1995,1,1.0,"Smith, Joe",PF,Maryland
325,747,1995,1,2.0,"McDyess, Antonio",PF,Alabama
326,748,1995,1,3.0,"Stackhouse, Jerry",SG,North Carolina
327,749,1995,1,4.0,"Wallace, Rasheed",PF,North Carolina
328,750,1995,1,5.0,"Garnett, Kevin",PF,Farragut Academy HS
329,751,1995,1,6.0,"Reeves, Bryant",C,Oklahoma State
330,752,1995,1,7.0,"Stoudamire, Damon",PG,Arizona
331,753,1995,1,8.0,"Respert, Shawn",SG,Michigan State
332,754,1995,1,9.0,"O'Bannon, Ed",SF,UCLA
333,755,1995,1,10.0,"Thomas, Kurt",PF/C,TCU
334,756,1995,1,11.0,"Trent, Gary",PF,Ohio
335,757,1995,1,12.0,"Parks, Cherokee",C,Duke
336,758,1995,1,13.0,"Williamson, Corliss",PF,Arkansas
337,759,1995,1,14.0,"Williams, Eric",SF,Providence
338,760,1995,1,15.0,"Barry, Brent",SG,Oregon State
339,761,1995,1,16.0,"Henderson, Alan",PF,Indiana
340,762,1995,1,17.0,"Sura, Bob",SG,Florida State
341,763,1995,1,18.0,"Ratliff, Theo",PF/C,Wyoming
342,764,1995,1,19.0,"Childress, Randolph",PG,Wake Forest
343,765,1995,1,20.0,"Caffey, Jason",PF,Alabama
344,766,1995,1,21.0,"Finley, Michael",SF/SG,Wisconsin
345,767,1995,1,22.0,"Zidek, George",C,UCLA
346,768,1995,1,23.0,"Best, Travis",PG,Georgia Tech
347,769,1995,1,24.0,"Meyer, Loren",PF,Iowa State
348,770,1995,1,25.0,"Vaughn, David",PF/C,Memphis
349,771,1995,1,26.0,"Ford, Sherell",PF,UIC
350,772,1995,1,27.0,"Bennett, Mario",PF,Arizona State
351,773,1995,1,28.0,"Ostertag, Greg",C,Kansas
352,774,1995,1,29.0,"Alexander, Cory",PG,Virginia
353,775,1995,2,30.0,"Roe, Lou",F,UMass
354,776,1995,2,31.0,"Tarlać, Dragan",C,Olympiakos
355,777,1995,2,32.0,"Rencher, Terrence",G,Texas
356,778,1995,2,33.0,"Burrough, Junior",F,Virginia
357,779,1995,2,34.0,"DeClercq, Andrew",PF/C,Florida
358,780,1995,2,35.0,"King, Jimmy",G,Michigan
359,781,1995,2,36.0,"Moten, Lawrence",G,Syracuse
360,782,1995,2,37.0,"King, Frankie",G,Western Carolina
361,783,1995,2,38.0,"Griffith, Rashard",C,Wisconsin
362,784,1995,2,39.0,"Marshall, Donny",F,Connecticut
363,785,1995,2,40.0,"Whitfield, Dwayne",F,Jackson State
364,786,1995,2,41.0,"Meek, Erik",C,Duke
365,787,1995,2,42.0,"Boyce, Donnie",G,Colorado
366,788,1995,2,43.0,"Snow, Eric",PG,Michigan State
367,789,1995,2,44.0,"Pelle, Anthony",C,Fresno State
368,790,1995,2,45.0,"Brown, Troy",F/C,Providence
369,791,1995,2,46.0,"Banks, George",F,UTEP
370,792,1995,2,47.0,"Edney, Tyus",PG,UCLA
371,793,1995,2,48.0,"Davis, Mark",G/F,Texas Tech
372,794,1995,2,49.0,"Allen, Jerome",G,Pennsylvania
373,795,1995,2,50.0,"Lewis, Martin",F,Seward County
374,796,1995,2,51.0,"Bodiroga, Dejan",SF,Olimpia (Stefanel) Milano
375,797,1995,2,52.0,"Hoiberg, Fred",SG,Iowa State
376,798,1995,2,53.0,"Popa, Constantin",C,Miami (Florida)
377,799,1995,2,54.0,"Zukauskas, Eurelijus",C,Neptūnas Klaipėda
378,800,1995,2,55.0,"McDonald, Michael",C,New Orleans
379,801,1995,2,56.0,"Carr, Chris",G,Southern Illinois
380,802,1995,2,57.0,"Martin, Cuonzo",G/F,Purdue
381,803,1995,2,58.0,"Reid, Don",F,Georgetown
382,804,1996,1,1.0,"Iverson, Allen",G,Georgetown
383,805,1996,1,2.0,"Camby, Marcus",C,Massachusetts
384,806,1996,1,3.0,"Abdur-Rahim, Shareef",F,California
385,807,1996,1,4.0,"Marbury, Stephon",G,Georgia Tech
386,808,1996,1,5.0,"Allen, Ray",G,Connecticut
387,809,1996,1,6.0,"Walker, Antoine",F,Kentucky
388,810,1996,1,7.0,"Wright, Lorenzen",C,Memphis
389,811,1996,1,8.0,"Kittles, Kerry",G,Villanova
390,812,1996,1,9.0,"Walker, Samaki",F,Louisville
391,813,1996,1,10.0,"Dampier, Erick",C,Mississippi State
392,814,1996,1,11.0,"Fuller, Todd",C,NC State
393,815,1996,1,12.0,"Potapenko, Vitaly",C,Wright State
394,816,1996,1,13.0,"Bryant, Kobe",G,Lower Merion HS
395,817,1996,1,14.0,"Stojaković, Peja",F,PAOK
396,818,1996,1,15.0,"Nash, Steve",G,Santa Clara
397,819,1996,1,16.0,"Delk, Tony",G,Kentucky
398,820,1996,1,17.0,"O'Neal, Jermaine",F/C,Eau Claire HS 
399,821,1996,1,18.0,"Wallace, John",F,Syracuse
400,822,1996,1,19.0,"McCarty, Walter",F,Kentucky
401,823,1996,1,20.0,"Ilgauskas, Žydrūnas",C,Atletas Kaunas
402,824,1996,1,21.0,"Jones, Dontae",F,Mississippi State
403,825,1996,1,22.0,"Rogers, Roy",F,Alabama
404,826,1996,1,23.0,"Rentzias, Efthimios",C,PAOK
405,827,1996,1,24.0,"Fisher, Derek",G,Arkansas-Little Rock
406,828,1996,1,25.0,"Müürsepp, Martin",F,Tallinna Kalev
407,829,1996,1,26.0,"Williams, Jerome",F,Georgetown
408,830,1996,1,27.0,"Evans, Brian",F,Indiana
409,831,1996,1,28.0,"Lauderdale, Priest",C,Peristeri
410,832,1996,1,29.0,"Knight, Travis",C,Connecticut
411,833,1996,2,30.0,"Harrington, Othella",F/C,Georgetown
412,834,1996,2,31.0,"Hendrickson, Mark",G,Washington State
413,835,1996,2,32.0,"Minor, Ryan",G,Oklahoma
414,836,1996,2,33.0,"Norris, Moochie",G,West Florida
415,837,1996,2,34.0,"Harvey, Shawn",G,West Virginia State
416,838,1996,2,35.0,"Blair, Joseph",C,Arizona
417,839,1996,2,36.0,"Sheffer, Doron",G,Connecticut
418,840,1996,2,37.0,"McInnis, Jeff",G,North Carolina
419,841,1996,2,38.0,"Hamer, Steve",C,Tennessee
420,842,1996,2,39.0,"Millard, Russ",F,Iowa
421,843,1996,2,40.0,"Mann, Marcus",F,Mississippi Valley State
422,844,1996,2,41.0,"Sasser, Jason",F,Texas Tech
423,845,1996,2,42.0,"Livingston, Randy",G,LSU
424,846,1996,2,43.0,"Davis, Ben",F,Arizona
425,847,1996,2,44.0,"Rose, Malik",F,Drexel
426,848,1996,2,45.0,"Vogel, Joe",C,Colorado State
427,849,1996,2,46.0,"Brown, Marcus",G,Murray State
428,850,1996,2,47.0,"Riley, Ron",G/F,Arizona State
429,851,1996,2,48.0,"Feick, Jamie",F,Michigan State
430,852,1996,2,49.0,"McCaskill, Amal",C,Marquette
431,853,1996,2,50.0,"Bell, Terrell",C,Georgia
432,854,1996,2,51.0,"Robinson, Chris",G,Western Kentucky
433,855,1996,2,52.0,"Pope, Mark",F,Kentucky
434,856,1996,2,53.0,"Nordgaard, Jeff",F,Wisconsin–Green Bay
435,857,1996,2,54.0,"Anderson, Shandon",F,Georgia
436,858,1996,2,55.0,"Henderson, Ronnie",G,LSU
437,859,1996,2,56.0,"Geary, Reggie",G,Arizona
438,860,1996,2,57.0,"Barry, Drew",G,Georgia Tech
439,861,1996,2,58.0,"Robinson, Darnell",F,Arkansas
440,862,1997,1,1.0,Tim Duncan,PF/C,Wake Forest
441,863,1997,1,2.0,"Van Horn, Keith",PF,Utah
442,864,1997,1,3.0,"Billups, Chauncey",PG,Colorado
443,865,1997,1,4.0,"Daniels, Antonio",PG,Bowling Green
444,866,1997,1,5.0,"Battie, Tony",C/F,Texas Tech
445,867,1997,1,6.0,"Mercer, Ron",SF,Kentucky
446,868,1997,1,7.0,"Thomas, Tim",SF,Villanova
447,869,1997,1,8.0,"Foyle, Adonal",C,Colgate
448,870,1997,1,9.0,"McGrady, Tracy",SG/SF,Mt. Zion Christian Academy
449,871,1997,1,10.0,"Fortson, Danny",PF,Cincinnati
450,872,1997,1,11.0,"Abdul-Wahad, Tariq",SF,San Jose State
451,873,1997,1,12.0,"Croshere, Austin",PF,Providence
452,874,1997,1,13.0,"Anderson, Derek",SG,Kentucky
453,875,1997,1,14.0,"Taylor, Maurice",PF,Michigan
454,876,1997,1,15.0,"Cato, Kelvin",C,Iowa State
455,877,1997,1,16.0,"Knight, Brevin",PG,Stanford
456,878,1997,1,17.0,"Taylor, Johnny",PF,Chattanooga
457,879,1997,1,18.0,"Anstey, Chris",PF,SE Melbourne Magic
458,880,1997,1,19.0,"Pollard, Scot",C,Kansas
459,881,1997,1,20.0,"Grant, Paul",C,Wisconsin
460,882,1997,1,21.0,"Parker, Anthony",SG,Bradley
461,883,1997,1,22.0,"Gray, Ed",PG/SG,California
462,884,1997,1,23.0,"Jackson, Bobby",PG,Minnesota
463,885,1997,1,24.0,"Rhodes, Rodrick",SG,USC
464,886,1997,1,25.0,"Thomas, John",C,Minnesota
465,887,1997,1,26.0,"Smith, Charles",SG,New Mexico
466,888,1997,1,27.0,"Vaughn, Jacque",PG,Kansas
467,889,1997,1,28.0,"Booth, Keith",SF,Maryland
468,890,1997,2,29.0,"Zwikker, Serge",C,North Carolina
469,891,1997,2,30.0,"Sanford, Mark",SF/PF,Washington
470,892,1997,2,31.0,"O'Bannon, Charles",PG,UCLA
471,893,1997,2,32.0,"Cotton, James",SF,Long Beach State
472,894,1997,2,33.0,"Milič, Marko",PG/SG,Smelt Olimpija
473,895,1997,2,34.0,"Wells, Bubba",SF/PF,Austin Peay
474,896,1997,2,35.0,"Stewart, Kebu",SF/PF,Cal State Bakersfield
475,897,1997,2,36.0,"Collins, James",PG/SG,Florida State
476,898,1997,2,37.0,"Jackson, Marc",SF/PF,Temple
477,899,1997,2,38.0,"Honeycutt, Jerald",PF,Tulane
478,900,1997,2,39.0,"Johnson, Anthony",PG/SG,College of Charleston
479,901,1997,2,40.0,"Elisma, Ed",SF,Georgia Tech
480,902,1997,2,41.0,"Lawson, Jason",C,Villanova
481,903,1997,2,42.0,"Jackson, Stephen",SG,Butler CC
482,904,1997,2,43.0,"Malone, Gordon",SF,West Virginia
483,905,1997,2,44.0,"Henderson, Cedric",PF,Memphis
484,906,1997,2,45.0,"Shammgod, God",PG,Providence
485,907,1997,2,46.0,"Washington, Eric",SG,Alabama
486,908,1997,2,47.0,"Williams, Alvin",PG,Villanova
487,909,1997,2,48.0,"Drobnjak, Predrag",C,KK Partizan
488,910,1997,2,49.0,"Digbeu, Alain",SG,ASVEL Lyon-Villeurbanne
489,911,1997,2,50.0,"Crawford, Chris",SF,Marquette
490,912,1997,2,51.0,"Wheat, DeJuan",PG,Louisville
491,913,1997,2,52.0,"Bruton, C.J.",PG/SG,Indian Hills CC
492,914,1997,2,53.0,"Rogers, Paul",C,Gonzaga
493,915,1997,2,54.0,"Blount, Mark",C,Pittsburgh
494,916,1997,2,55.0,"Pepper, Ben",C,Newcastle Falcons
495,917,1997,2,56.0,"Erdmann, Nate",SG,Oklahoma
496,918,1997,2,57.0,"Dueñas, Roberto",C,FC Barcelona
497,919,1998,1,1.0,"Olowokandi, Michael",C,Pacific
498,920,1998,1,2.0,"Bibby, Mike",PG,Arizona
499,921,1998,1,3.0,"LaFrentz, Raef",C/F,Kansas
500,922,1998,1,4.0,"Jamison, Antawn",F,North Carolina
501,923,1998,1,5.0,"Carter, Vince",G/F,North Carolina
502,924,1998,1,6.0,"Traylor, Robert",F/C,Michigan
503,925,1998,1,7.0,"Williams, Jason",PG,Florida
504,926,1998,1,8.0,"Hughes, Larry",SG,Saint Louis
505,927,1998,1,9.0,"Nowitzki, Dirk",PF,DJK Würzburg
506,928,1998,1,10.0,"Pierce, Paul",G/F,Kansas
507,929,1998,1,11.0,"Wells, Bonzi",G/F,Ball State
508,930,1998,1,12.0,"Doleac, Michael",C,Utah
509,931,1998,1,13.0,"Clark, Keon",F/C,UNLV
510,932,1998,1,14.0,"Dickerson, Michael",SG,Arizona
511,933,1998,1,15.0,"Harpring, Matt",F/G,Georgia Tech
512,934,1998,1,16.0,"Drew, Bryce",PG,Valparaíso
513,935,1998,1,17.0,"Nesterovič, Radoslav",C,Kinder Bologna
514,936,1998,1,18.0,"Türkcan, Mirsad",PF,Efes Pilsen
515,937,1998,1,19.0,"Garrity, Pat",PF,Notre Dame
516,938,1998,1,20.0,"McLeod, Roshown",SF,Duke
517,939,1998,1,21.0,"Davis, Ricky",G/F,Iowa
518,940,1998,1,22.0,"Skinner, Brian",F/C,Baylor
519,941,1998,1,23.0,"Lue, Tyronn",PG,Nebraska
520,942,1998,1,24.0,"López, Felipe",SG,St. John's
521,943,1998,1,25.0,"Harrington, Al",F,St. Patrick's High School
522,944,1998,1,26.0,"Jacobson, Sam",SG,Minnesota
523,945,1998,1,27.0,"Stepania, Vladimir",C,Olimpija Ljubljana
524,946,1998,1,28.0,"Benjamin, Corey",SG,Oregon State
525,947,1998,1,29.0,"Mohammed, Nazr",C/F,Kentucky
526,948,1998,2,30.0,"Sesay, Ansu",SF,Mississippi
527,949,1998,2,31.0,"Patterson, Ruben",SF,Cincinnati
528,950,1998,2,32.0,"Lewis, Rashard",PF,Alief Elsik HS
529,951,1998,2,33.0,"McCoy, Jelani",F/C,UCLA
530,952,1998,2,34.0,"Williams, Shammond",PG,North Carolina
531,953,1998,2,35.0,"Šundov, Bruno",C,Split
532,954,1998,2,36.0,"James, Jerome",C,Florida A&M
533,955,1998,2,37.0,"Shaw, Casey",C,Toledo
534,956,1998,2,38.0,"Johnson, DeMarco",PF,Charlotte
535,957,1998,2,39.0,"Alston, Rafer",PG,Fresno State
536,958,1998,2,40.0,"Young, Korleone",SF,Hargrave Military Academy
537,959,1998,2,41.0,"Mobley, Cuttino",SG,Rhode Island
538,960,1998,2,42.0,"Simon, Miles",SG,Arizona
539,961,1998,2,43.0,"White, Jahidi",F/C,Georgetown
540,962,1998,2,44.0,"Marks, Sean",PF,California
541,963,1998,2,45.0,"Bailey, Toby",SG,UCLA
542,964,1998,2,46.0,"Patterson, Andrae",SF,Indiana
543,965,1998,2,47.0,"Wheeler, Tyson",PG,Rhode Island
544,966,1998,2,48.0,"Stack, Ryan",C,South Carolina
545,967,1998,2,49.0,"Carr, Cory",SG,Texas Tech
546,968,1998,2,50.0,"Betts, Andrew",C,Long Beach State
547,969,1998,2,51.0,"Brewer, Corey",PG,Oklahoma
548,970,1998,2,52.0,"Dial, Derrick",SG,Eastern Michigan
549,971,1998,2,53.0,"Buckner, Greg",SG,Clemson
550,972,1998,2,54.0,"Fowlkes, Tremaine",SF,Fresno State
551,973,1998,2,55.0,"Bowen, Ryan",SF,Iowa
552,974,1998,2,56.0,"Henderson, J. R.",SF,UCLA
553,975,1998,2,57.0,"Braggs, Torraye",PF,Xavier
554,976,1998,2,58.0,"Baston, Maceo",PF,Michigan
555,977,1999,1,1.0,"Brand, Elton",PF/C,Duke
556,978,1999,1,2.0,"Francis, Steve",PG,Maryland
557,979,1999,1,3.0,"Davis, Baron",PG,UCLA
558,980,1999,1,4.0,"Odom, Lamar",PF/SF,Rhode Island
559,981,1999,1,5.0,"Bender, Jonathan",PF,Picayune Memorial HS
560,982,1999,1,6.0,"Szczerbiak, Wally",SG/SF,Miami (OH)
561,983,1999,1,7.0,"Hamilton, Richard",SG/SF,Connecticut
562,984,1999,1,8.0,"Miller, Andre",PG,Utah
563,985,1999,1,9.0,"Marion, Shawn",SF/PF,UNLV
564,986,1999,1,10.0,"Terry, Jason",SG/PG,Arizona
565,987,1999,1,11.0,"Langdon, Trajan",SG,Duke
566,988,1999,1,12.0,"Radojević, Aleksandar",C,Barton County CC
567,989,1999,1,13.0,"Maggette, Corey",SF/SG,Duke
568,990,1999,1,14.0,"Avery, William",PG,Duke
569,991,1999,1,15.0,"Weis, Frédéric",C,Limoges
570,992,1999,1,16.0,"Artest, Ron",SF,St. John's
571,993,1999,1,17.0,"Bowdler, Cal",PF,Old Dominion
572,994,1999,1,18.0,"Posey, James",SG/SF,Xavier
573,995,1999,1,19.0,"Lewis, Quincy",SF,Minnesota
574,996,1999,1,20.0,"Glover, Dion",SG,Georgia Tech
575,997,1999,1,21.0,"Foster, Jeff",PF,Southwest Texas State
576,998,1999,1,22.0,"Thomas, Kenny",PF,New Mexico
577,999,1999,1,23.0,"George, Devean",SF,Augsburg
578,1000,1999,1,24.0,"Kirilenko, Andrei",SF,CSKA Moscow
579,1001,1999,1,25.0,"James, Tim",SF,Miami
580,1002,1999,1,26.0,"Cummings, Vonteego",PG,Pittsburgh
581,1003,1999,1,27.0,"Jones, Jumaine",SF,Georgia
582,1004,1999,1,28.0,"Padgett, Scott",PF,Kentucky
583,1005,1999,1,29.0,"Smith, Leon",PF,King College Prep HS
584,1006,1999,2,30.0,"Celestand, John",PG,Villanova
585,1007,1999,2,31.0,"Hill, Rico",F,Illinois State
586,1008,1999,2,32.0,"Ruffin, Michael",PF,Tulsa
587,1009,1999,2,33.0,"Herren, Chris",G,Fresno State
588,1010,1999,2,34.0,"Eschmeyer, Evan",C,Northwestern
589,1011,1999,2,35.0,"Booth, Calvin",C,Penn State
590,1012,1999,2,36.0,"Wang Zhizhi,",C,Bayi Rockets
591,1013,1999,2,37.0,"Ekezie, Obinna",C,Maryland
592,1014,1999,2,38.0,"Profit, Laron",SG/SF,Maryland
593,1015,1999,2,39.0,"Bramlett, A. J.",C,Arizona
594,1016,1999,2,40.0,"Giriček, Gordan",G/F,CSKA Moscow
595,1017,1999,2,41.0,"Elson, Francisco",C,California
596,1018,1999,2,42.0,"Bullock, Louis",G,Michigan
597,1019,1999,2,43.0,"Nailon, Lee",SF,TCU
598,1020,1999,2,44.0,"Washington, Tyrone",C,Mississippi State
599,1021,1999,2,45.0,"Robertson, Ryan",G,Kansas
600,1022,1999,2,46.0,"Koch, J. R.",F,Iowa
601,1023,1999,2,47.0,Macculloch,C,Washington
602,1024,1999,2,48.0,"Young, Galen",G,Charlotte
603,1025,1999,2,49.0,"Ketner, Lari",C,UMass
604,1026,1999,2,50.0,"Hamilton, Venson",C,Nebraska
605,1027,1999,2,51.0,"Smith, Antwain",F,Saint Paul's
606,1028,1999,2,52.0,"Bergersen, Roberto",G,Boise State
607,1029,1999,2,53.0,"Buford, Rodney",SG,Creighton
608,1030,1999,2,54.0,"Levett, Melvin",SG,Cincinnati
609,1031,1999,2,55.0,"Clack, Kris",G,Texas
610,1032,1999,2,56.0,"Young, Tim",C,Stanford
611,1033,1999,2,57.0,"Ginóbili, Manu",SG,Viola Reggio Calabria
612,1034,1999,2,58.0,"Lucas, Eddie",G,Virginia Tech
613,1035,2000,1,1.0,"Martin, Kenyon",PF,Cincinnato (Sr.)
614,1036,2000,1,2.0,"Swift, Stromile",PF/C,LSU
615,1037,2000,1,3.0,"Miles, Darius",SF/PF,East St. Louis HS (Illinois)
616,1038,2000,1,4.0,"Fizer, Marcus",PF/SF,Iowa State
617,1039,2000,1,5.0,"Miller, Mike",SF/SG,Florida
618,1040,2000,1,6.0,"Johnson, DerMarr",SG/SF,Cincinnati
619,1041,2000,1,7.0,"Mihm, Chris",C/PF,Texas
620,1042,2000,1,8.0,"Crawford, Jamal",SG,Michigan
621,1043,2000,1,9.0,"Przybilla, Joel",C,Minnesota
622,1044,2000,1,10.0,"Dooling, Keyon",SG,Missouri
623,1045,2000,1,11.0,Moiso,PF,UCLA
624,1046,2000,1,12.0,"Thomas, Etan",PF/C,Syracuse
625,1047,2000,1,13.0,"Alexander, Courtney",SG,Fresno State
626,1048,2000,1,14.0,"Cleaves, Mateen",PG,Michigan State
627,1049,2000,1,15.0,"Collier, Jason",C,Georgia Tech
628,1050,2000,1,16.0,Turkoglu,SF/PF,Efes Pilsen
629,1051,2000,1,17.0,"Mason, Desmond",SF/SG,Oklahoma State
630,1052,2000,1,18.0,"Richardson, Quentin",SF/SG,DePaul
631,1053,2000,1,19.0,"Magloire, Jamaal",PF/C,Kentucky
632,1054,2000,1,20.0,"Claxton, Speedy",PG,Hofstra
633,1055,2000,1,21.0,"Peterson, Morris",SF/SG,Michigan State
634,1056,2000,1,22.0,"Harvey, Donnell",SF,Florida
635,1057,2000,1,23.0,"Stevenson, DeShawn",SG,Washington Union HS
636,1058,2000,1,24.0,"Bagarić, Dalibor",C,Benston Zagreb
637,1059,2000,1,25.0,"Tsakalidis, Iakovos ""Jake""",C,AEK
638,1060,2000,1,26.0,"N'Diaye, Mamadou",C,Auburn
639,1061,2000,1,27.0,"Brezec, Primož",C,Union Olimpija
640,1062,2000,1,28.0,"Barkley, Erick",PG,St. John's
641,1063,2000,1,29.0,"Madsen, Mark",PF,Stanford
642,1064,2000,2,30.0,"Jarić, Marko",G,Paf Bologna
643,1065,2000,2,31.0,"Langhi, Dan",PF,Vanderbilt
644,1066,2000,2,32.0,"Guyton, A.J.",PG,Indiana
645,1067,2000,2,33.0,"Voskuhl, Jake",C,Connecticut
646,1068,2000,2,34.0,"El-Amin, Khalid",PG,Connecticut
647,1069,2000,2,35.0,"Smith, Mike",F,Louisiana-Monroe
648,1070,2000,2,36.0,"Samake, Soumaila",C,Cincinnati Stuff
649,1071,2000,2,37.0,"House, Eddie",SG,Arizona State
650,1072,2000,2,38.0,"Nájera, Eduardo",PF,Oklahoma
651,1073,2000,2,39.0,"Postell, Lavor",SG,St. John's
652,1074,2000,2,40.0,Mottola,SF/PF,Utah
653,1075,2000,2,41.0,"Carrawell, Chris",SG,Duke
654,1076,2000,2,42.0,"Oyedeji, Olumide",PF,Würzburg
655,1077,2000,2,43.0,"Redd, Michael",SG,Ohio State
656,1078,2000,2,44.0,"Cardinal, Brian",PF,Purdue
657,1079,2000,2,45.0,"Smith, Jabari",C,LSU
658,1080,2000,2,46.0,"Hulett, DeeAndre",G,COS
659,1081,2000,2,47.0,"Sesar, Josip",G,Cibona Zagreb
660,1082,2000,2,48.0,"Karcher, Mark",PG,Temple
661,1083,2000,2,49.0,"Hart, Jason",PG,Syracuse
662,1084,2000,2,50.0,"Dickens, Kaniel",F,Idaho
663,1085,2000,2,51.0,"Rakočević, Igor",G,Red Star Belgrade
664,1086,2000,2,52.0,"Brown, Ernest",C,Indian Hills CC
665,1087,2000,2,53.0,"McClintock, Dan",C,Northern Arizona
666,1088,2000,2,54.0,"Hightower, Cory",G,Indian Hills CC
667,1089,2000,2,55.0,"Porter, Chris",F,Auburn
668,1090,2000,2,56.0,"Walls, Jaquay",G,Colorado
669,1091,2000,2,57.0,"Penn, Scoonie",G,Ohio State
670,1092,2000,2,58.0,"Mickeal, Pete",F,Cincinnati
671,1093,2001,1,1.0,"Brown, Kwame",C,Glynn Academy
672,1094,2001,1,2.0,"Chandler, Tyson",C,Dominguez HS
673,1095,2001,1,3.0,"Gasol, Pau",PF/C,FC Barcelona
674,1096,2001,1,4.0,"Curry, Eddy",C,Thornwood HS
675,1097,2001,1,5.0,"Richardson, Jason",SG,Michigan State
676,1098,2001,1,6.0,"Battier, Shane",SF,Duke
677,1099,2001,1,7.0,"Griffin, Eddie",PF,Seton Hall
678,1100,2001,1,8.0,"Diop, DeSagana",C,Oak Hill Academy
679,1101,2001,1,9.0,"White, Rodney",SF/PF,Charlotte
680,1102,2001,1,10.0,"Johnson, Joe",SG,Arkansas
681,1103,2001,1,11.0,"Brown, Kedrick",SF,Okaloosa-Walton CC
682,1104,2001,1,12.0,"Radmanović, Vladimir",PF,Red Star Belgrade
683,1105,2001,1,13.0,"Jefferson, Richard",SF,Arizona
684,1106,2001,1,14.0,"Murphy, Troy",PF,Notre Dame
685,1107,2001,1,15.0,"Hunter, Steven",C,DePaul
686,1108,2001,1,16.0,"Haston, Kirk",PF,Indiana
687,1109,2001,1,17.0,"Bradley, Michael",PF,Villanova
688,1110,2001,1,18.0,"Collins, Jason",C,Stanford
689,1111,2001,1,19.0,"Randolph, Zach",PF,Michigan State
690,1112,2001,1,20.0,"Haywood, Brendan",C,North Carolina
691,1113,2001,1,21.0,"Forte, Joseph",SG,North Carolina
692,1114,2001,1,22.0,"Sasser, Jeryl",SG,SMU
693,1115,2001,1,23.0,"Armstrong, Brandon",SG,Pepperdine
694,1116,2001,1,24.0,"López, Raúl",PG,Real Madrid
695,1117,2001,1,25.0,"Wallace, Gerald",SF,Alabama
696,1118,2001,1,26.0,"Dalembert, Samuel",C,Seton Hall
697,1119,2001,1,27.0,"Tinsley, Jamaal",PG,Iowa State
698,1120,2001,1,28.0,"Parker, Tony",PG,Paris Basket Racing
699,1121,2001,1,29.0,Forfeited pick,None,None
700,1122,2001,2,30.0,"Hassell, Trenton",SG,Austin Peay
701,1123,2001,2,31.0,"Arenas, Gilbert",PG,Arizona
702,1124,2001,2,32.0,"Cook, Omar",PG,St. John's
703,1125,2001,2,33.0,"Solomon, Will",PG,Clemson
704,1126,2001,2,34.0,"Morris, Terence",SF,Maryland
705,1127,2001,2,35.0,"Scalabrine, Brian",PF,USC
706,1128,2001,2,36.0,"Trepagnier, Jeff",SG,USC
707,1129,2001,2,37.0,"Brown, Damone",SF,Syracuse
708,1130,2001,2,38.0,"Okur, Mehmet",C,Efes Pilsen
709,1131,2001,2,39.0,"Wright, Michael",PF,Arizona
710,1132,2001,2,40.0,"Watson, Earl",PG,UCLA
711,1133,2001,2,41.0,"Brewer, Jamison",PG,Auburn
712,1134,2001,2,42.0,"Simmons, Bobby",F/G,DePaul
713,1135,2001,2,43.0,"Chenowith, Eric",C,Kansas
714,1136,2001,2,44.0,"Hill, Kyle",PG,Eastern Illinois
715,1137,2001,2,45.0,"Lampley, Sean",SF,California
716,1138,2001,2,46.0,"Woods, Loren",C,Arizona
717,1139,2001,2,47.0,"Cisse, Ousmane",PF,St. Jude HS
718,1140,2001,2,48.0,"Fotsis, Antonis",SF,Panathinaikos
719,1141,2001,2,49.0,"Johnson, Ken",C,Ohio State
720,1142,2001,2,50.0,"Boumtje-Boumtje, Ruben",C,Georgetown
721,1143,2001,2,51.0,"Ford, Alton",PF,Houston
722,1144,2001,2,52.0,"Hutson, Andre",PF,Michigan State
723,1145,2001,2,53.0,"Collins, Jarron",F/C,Stanford
724,1146,2001,2,54.0,"Satterfield, Kenny",PG,Cincinnati
725,1147,2001,2,55.0,"Jeffers, Maurice",SG,Saint Louis
726,1148,2001,2,56.0,"Javtokas, Robertas",C,Lietuvos rytas Vilnius
727,1149,2001,2,57.0,"Jones, Alvin",C,Georgia Tech
728,1150,2001,2,58.0,"Bracey, Bryan",SF,Oregon
729,1151,2002,1,1.0,"Ming, Yao",C,Shanghai Sharks
730,1152,2002,1,2.0,"Williams, Jay",PG,Duke
731,1153,2002,1,3.0,"Dunleavy Jr., Mike",SF/SG,Duke
732,1154,2002,1,4.0,"Gooden, Drew",PF/C,Kansas
733,1155,2002,1,5.0,"Tskitishvili, Nikoloz",PF/C,Benetton Treviso
734,1156,2002,1,6.0,"Wagner, Dajuan",PG,Memphis
735,1157,2002,1,7.0,", Nenê",C/PF,Vasco da Gama
736,1158,2002,1,8.0,"Wilcox, Chris",PF/C,Maryland
737,1159,2002,1,9.0,"Stoudemire, Amar'e",PF/C,Cypress Creek HS
738,1160,2002,1,10.0,"Butler, Caron",SF,Connecticut
739,1161,2002,1,11.0,"Jeffries, Jared",PF/C,Indiana
740,1162,2002,1,12.0,"Ely, Melvin",C/PF,Fresno State
741,1163,2002,1,13.0,"Haislip, Marcus",PF,Tennessee
742,1164,2002,1,14.0,"Jones, Fred",SG,Oregon
743,1165,2002,1,15.0,"Nachbar, Boštjan",SF/PF,Benetton Treviso
744,1166,2002,1,16.0,"Welsch, Jiří",SG/SF,Union Olimpija
745,1167,2002,1,17.0,"Dixon, Juan",PG,Maryland
746,1168,2002,1,18.0,"Borchardt, Curtis",C,Stanford
747,1169,2002,1,19.0,"Humphrey, Ryan",PF,Notre Dame
748,1170,2002,1,20.0,"Rush, Kareem",SG,Missouri
749,1171,2002,1,21.0,"Woods, Qyntel",SF,Northeast Mississippi CC
750,1172,2002,1,22.0,"Jacobsen, Casey",SG,Stanford
751,1173,2002,1,23.0,"Prince, Tayshaun",SF,Kentucky
752,1174,2002,1,24.0,"Krstić, Nenad",C/PF,Partizan Belgrade
753,1175,2002,1,25.0,"Williams, Frank",PG,Illinois
754,1176,2002,1,26.0,"Salmons, John",SF/SG,Miami
755,1177,2002,1,27.0,"Jefferies, Chris",SF,Fresno State
756,1178,2002,1,28.0,"Dickau, Dan",PG,Gonzaga
757,1179,2002,1,29.0,Forfeited pick,None,None
758,1180,2002,2,30.0,"Logan, Steve",PG,Cincinnati
759,1181,2002,2,31.0,"Mason, Jr., Roger",SG,Virginia
760,1182,2002,2,32.0,"Archibald, Robert",PF,Illinois
761,1183,2002,2,33.0,"Yarbrough, Vincent",SF,Tennessee
762,1184,2002,2,34.0,"Gadzuric, Dan",C,UCLA
763,1185,2002,2,35.0,"Boozer, Carlos",PF,Duke
764,1186,2002,2,36.0,"Vujanić, Miloš",PG,Partizan Belgrade
765,1187,2002,2,37.0,"Andersen, David",C,Virtus Bologna
766,1188,2002,2,38.0,"Maddox, Tito",PG,Fresno State
767,1189,2002,2,39.0,"Grizzard, Rod",SG,Alabama
768,1190,2002,2,40.0,"Navarro, Juan Carlos",PG,FC Barcelona
769,1191,2002,2,41.0,"Kasun, Mario",C,Opel Skyliners
770,1192,2002,2,42.0,"Murray, Ronald",SG,Shaw
771,1193,2002,2,43.0,"Jennings, Jason",C,Arkansas State
772,1194,2002,2,44.0,"Baxter, Lonny",PF,Maryland
773,1195,2002,2,45.0,"Clancy, Sam",PF,USC
774,1196,2002,2,46.0,"Barnes, Matt",SF,UCLA
775,1197,2002,2,47.0,"Sampson, Jamal",C,California
776,1198,2002,2,48.0,"Owens, Chris",PF,Texas
777,1199,2002,2,49.0,"Fehse, Peter",PF,Halle
778,1200,2002,2,50.0,"Songaila, Darius",PF,Wake Forest
779,1201,2002,2,51.0,"Kammerichs, Federico",SF,Ourense
780,1202,2002,2,52.0,"Taylor, Marcus",PG,Michigan State
781,1203,2002,2,53.0,"Butler, Rasual",SF,La Salle
782,1204,2002,2,54.0,"Slay, Tamar",SG,Marshall
783,1205,2002,2,55.0,"Šekularac, Mladen",SG,FMP Železnik
784,1206,2002,2,56.0,"Scola, Luis",PF,TAU Cerámica
785,1207,2002,2,57.0,"Holcomb, Randy",PF,San Diego State
786,1208,2002,2,58.0,"Edwards, Corsley",PF,Central Connecticut
787,1209,2003,1,1.0,", LeBron James",SF,St. Vincent–St. Mary HS
788,1210,2003,1,2.0,"Miličić, Darko",C,Hemofarm Vršac
789,1211,2003,1,3.0,"Anthony, Carmelo",SF,Syracuse
790,1212,2003,1,4.0,"Bosh, Chris",PF/C,Georgia Tech
791,1213,2003,1,5.0,"Wade, Dwyane",SG,Marquette
792,1214,2003,1,6.0,"Kaman, Chris",C,Central Michigan
793,1215,2003,1,7.0,"Hinrich, Kirk",PG,Kansas
794,1216,2003,1,8.0,"Ford, T. J.",PG,Texas
795,1217,2003,1,9.0,"Sweetney, Michael",PF,Georgetown
796,1218,2003,1,10.0,"Hayes, Jarvis",F/G,Georgia
797,1219,2003,1,11.0,"Piétrus, Mickaël",G/F,Pau-Orthez
798,1220,2003,1,12.0,"Collison, Nick",PF,Kansas
799,1221,2003,1,13.0,"Banks, Marcus",PG,UNLV
800,1222,2003,1,14.0,"Ridnour, Luke",PG,Oregon
801,1223,2003,1,15.0,"Gaines, Reece",F/G,Louisville
802,1224,2003,1,16.0,"Bell, Troy",PG,Boston College
803,1225,2003,1,17.0,"Čabarkapa, Žarko",SF,Budućnost Podgorica
804,1226,2003,1,18.0,"West, David",PF,Xavier
805,1227,2003,1,19.0,"Pavlović, Sasha",F/G,Budućnost Podgorica
806,1228,2003,1,20.0,"Jones, Dahntay",SG,Duke
807,1229,2003,1,21.0,"Diaw, Boris",PF,Pau-Orthez
808,1230,2003,1,22.0,"Planinić, Zoran",G/F,Cibona Zagreb
809,1231,2003,1,23.0,"Outlaw, Travis",SF,Starkville HS
810,1232,2003,1,24.0,"Cook, Brian",PF,Illinois
811,1233,2003,1,25.0,"Delfino, Carlos",SG,Skipper Bologna
812,1234,2003,1,26.0,"Ebi, Ndudi",SF,Westbury Christian HS
813,1235,2003,1,27.0,"Perkins, Kendrick",C,Ozen HS 
814,1236,2003,1,28.0,"Barbosa, Leandro",SG,Bauru Tilibra
815,1237,2003,1,29.0,"Howard, Josh",F/G,Wake Forest
816,1238,2003,2,30.0,"Lampe, Maciej",PF,Complutense University of Madrid
817,1239,2003,2,31.0,"Kapono, Jason",F/G,UCLA
818,1240,2003,2,32.0,"Walton, Luke",SF,Arizona
819,1241,2003,2,33.0,"Beasley, Jerome",PF,North Dakota
820,1242,2003,2,34.0,"Schortsanitis, Sofoklis",C,Iraklis BC
821,1243,2003,2,35.0,"Szewczyk, Szymon",PF,Braunschweig
822,1244,2003,2,36.0,"Austin, Mario",PF,Mississippi State
823,1245,2003,2,37.0,"Hansen, Travis",SG,BYU
824,1246,2003,2,38.0,"Blake, Steve",PG,Maryland
825,1247,2003,2,39.0,"Vraneš, Slavko",C,Budućnost Podgorica
826,1248,2003,2,40.0,"Zimmerman, Derrick",PG,Mississippi State
827,1249,2003,2,41.0,"Green, Willie",SG,Detroit
828,1250,2003,2,42.0,"Pachulia, Zaza",PF,Ülkerspor
829,1251,2003,2,43.0,"Bogans, Keith",SG,Kentucky
830,1252,2003,2,44.0,"Badiane, Malick",PF,Langen
831,1253,2003,2,45.0,"Bonner, Matt",F,Florida
832,1254,2003,2,46.0,"Bečirović, Sani",SG,Virtus Bologna
833,1255,2003,2,47.0,"Williams, Mo",PG,Alabama
834,1256,2003,2,48.0,"Lang, James",C,Central Park Christian HS 
835,1257,2003,2,49.0,"Jones, James",SF,Miami (Florida)
836,1258,2003,2,50.0,"Morlende, Paccelis",PG,Dijon
837,1259,2003,2,51.0,"Korver, Kyle",SG,Creighton
838,1260,2003,2,52.0,"van de Hare, Remon",C,FC Barcelona
839,1261,2003,2,53.0,"Smith, Tommy",PF,Arizona State
840,1262,2003,2,54.0,"Sinanović, Nedžad",C,Brotnjo
841,1263,2003,2,55.0,"Rickert, Rick",PF,Minnesota
842,1264,2003,2,56.0,"Hunter, Brandon",PF,Ohio
843,1265,2003,2,57.0,"Yuyang, Xue",C,Hong Kong Flying Dragons
844,1266,2003,2,58.0,"Glyniadakis, Andreas",C,AEK
845,1267,2004,1,1.0,"Howard, Dwight",C,Southwest Atlanta Christian Academy
846,1268,2004,1,2.0,"Okafor, Emeka",PF/C,Connecticut
847,1269,2004,1,3.0,"Gordon, Ben",SG,Connecticut
848,1270,2004,1,4.0,"Livingston, Shaun",PG,Peoria HS
849,1271,2004,1,5.0,"Harris, Devin",PG,Wisconsin
850,1272,2004,1,6.0,"Childress, Josh",G/F,Stanford
851,1273,2004,1,7.0,"Deng, Luol",SF,Duke
852,1274,2004,1,8.0,"Araújo, Rafael",C,BYU
853,1275,2004,1,9.0,"Iguodala, Andre",SF,Arizona
854,1276,2004,1,10.0,"Jackson, Luke",SF,Oregon
855,1277,2004,1,11.0,"Biedriņš, Andris",F/C,Skonto
856,1278,2004,1,12.0,"Swift, Robert",C,Bakersfield HS
857,1279,2004,1,13.0,"Telfair, Sebastian",PG,Lincoln HS
858,1280,2004,1,14.0,"Humphries, Kris",PF,Minnesota
859,1281,2004,1,15.0,"Jefferson, Al",PF/C,Prentiss HS 
860,1282,2004,1,16.0,"Snyder, Kirk",SG,Nevada
861,1283,2004,1,17.0,"Smith, Josh",SF,Oak Hill Academy
862,1284,2004,1,18.0,"Smith, J. R.",SG,St. Benedict's Prep
863,1285,2004,1,19.0,"Wright, Dorell",SF,South Kent School
864,1286,2004,1,20.0,"Nelson, Jameer",PG,Saint Joseph's
865,1287,2004,1,21.0,"Podkolzin, Pavel",C,Metis Varese
866,1288,2004,1,22.0,"Khryapa, Viktor",SF,CSKA Moscow
867,1289,2004,1,23.0,"Monia, Sergei",SG,CSKA Moscow
868,1290,2004,1,24.0,"West, Delonte",PG,Saint Joseph's
869,1291,2004,1,25.0,"Allen, Tony",SG,Oklahoma State
870,1292,2004,1,26.0,"Martin, Kevin",SG,Western Carolina
871,1293,2004,1,27.0,"Vujačić, Saša",SG,Snaidero Udine
872,1294,2004,1,28.0,"Udrih, Beno",PG,Breil Milano
873,1295,2004,1,29.0,"Harrison, David",C,Colorado
874,1296,2004,1,,Forfeited Pick,None,None
875,1297,2004,2,30.0,"Varejão, Anderson",C,FC Barcelona
876,1298,2004,2,31.0,"Vroman, Jackson",C,Iowa State
877,1299,2004,2,32.0,"Ramos, Peter John",C,Caguas
878,1300,2004,2,33.0,"Chalmers, Lionel",PG,Xavier
879,1301,2004,2,34.0,"Smith, Donta",SF,Southeastern Illinois
880,1302,2004,2,35.0,"Emmett, Andre",F/G,Texas Tech
881,1303,2004,2,36.0,"Burks, Antonio",PG,Memphis
882,1304,2004,2,37.0,"Ivey, Royal",PG,Texas
883,1305,2004,2,38.0,"Duhon, Chris",PG,Duke
884,1306,2004,2,39.0,"Miralles, Albert",PF,Roseto Basket
885,1307,2004,2,40.0,"Reed, Justin",SF,Mississippi
886,1308,2004,2,41.0,"Young, David",G,North Carolina Central
887,1309,2004,2,42.0,"Sanikidze, Viktor",SF,Dijon
888,1310,2004,2,43.0,"Ariza, Trevor",SF,UCLA
889,1311,2004,2,44.0,"Pickett, Tim",SG,Florida State
890,1312,2004,2,45.0,"Robinson, Bernard",SF,Michigan
891,1313,2004,2,46.0,"Seung-Jin, Ha",C,Yonsei University
892,1314,2004,2,47.0,"Sow, Pape",PF,Cal State Fullerton
893,1315,2004,2,48.0,"Minard, Ricky",SG,Morehead State
894,1316,2004,2,49.0,"Lishouk, Sergei",PF,Khimik Yuzhny
895,1317,2004,2,50.0,"Spanoulis, Vassilis",PG,Maroussi
896,1318,2004,2,51.0,"Drejer, Christian",SF,FC Barcelona
897,1319,2004,2,52.0,"Sato, Romain",SG,Xavier
898,1320,2004,2,53.0,"Freije, Matt",SF,Vanderbilt
899,1321,2004,2,54.0,"Paulding, Rickey",SG,Missouri
900,1322,2004,2,55.0,"Flores, Luis",PG,Manhattan
901,1323,2004,2,56.0,"Douthit, Marcus",PF,Providence
902,1324,2004,2,57.0,"Karaulov, Sergei",G,Skha Jakutia Yakutsk 
903,1325,2004,2,58.0,"Stepp, Blake",PG,Gonzaga
904,1326,2004,2,59.0,"Wright, Rashad",G,Georgia
905,1327,2005,1,1.0,"Bogut, Andrew",C,Utah
906,1328,2005,1,2.0,"Williams, Marvin",F,North Carolina
907,1329,2005,1,3.0,"Williams, Deron",PG,Illinois
908,1330,2005,1,4.0,"Paul, Chris",PG,Wake Forest
909,1331,2005,1,5.0,"Felton, Raymond",G,North Carolina
910,1332,2005,1,6.0,"Webster, Martell",G/F,Seattle Prep. School
911,1333,2005,1,7.0,"Villanueva, Charlie",F,Connecticut
912,1334,2005,1,8.0,"Frye, Channing",C,Arizona
913,1335,2005,1,9.0,"Diogu, Ike",F,Arizona State
914,1336,2005,1,10.0,"Bynum, Andrew",C,St. Joseph HS
915,1337,2005,1,11.0,"Vázquez, Fran",F/C,Unicaja Málaga
916,1338,2005,1,12.0,"Korolev, Yaroslav",F,CSKA Moscow
917,1339,2005,1,13.0,"May, Sean",F,North Carolina
918,1340,2005,1,14.0,"McCants, Rashad",G,North Carolina
919,1341,2005,1,15.0,"Wright, Antoine",G/F,Texas A&M
920,1342,2005,1,16.0,"Graham, Joey",F,Oklahoma State
921,1343,2005,1,17.0,"Granger, Danny",SF,New Mexico
922,1344,2005,1,18.0,"Green, Gerald",G/F,Gulf Shores Academy
923,1345,2005,1,19.0,"Warrick, Hakim",F,Syracuse
924,1346,2005,1,20.0,"Hodge, Julius",G,NC State
925,1347,2005,1,21.0,"Robinson, Nate",G,Washington
926,1348,2005,1,22.0,"Jack, Jarrett",G,Georgia Tech
927,1349,2005,1,23.0,"García, Francisco",G/F,Louisville
928,1350,2005,1,24.0,"Head, Luther",G,Illinois
929,1351,2005,1,25.0,"Petro, Johan",C,Pau-Orthez
930,1352,2005,1,26.0,"Maxiell, Jason",F,Cincinnati
931,1353,2005,1,27.0,"Kleiza, Linas",F,Missouri
932,1354,2005,1,28.0,"Mahinmi, Ian",F/C,Le Havre
933,1355,2005,1,29.0,"Simien, Wayne",F,Kansas
934,1356,2005,1,30.0,"Lee, David",PF,Florida
935,1357,2005,2,31.0,"Stoudamire, Salim",G,Arizona
936,1358,2005,2,32.0,"Ewing, Daniel",G,Duke
937,1359,2005,2,33.0,"Bass, Brandon",F,LSU
938,1360,2005,2,34.0,"Miles, C. J.",G,Skyline HS
939,1361,2005,2,35.0,"Sánchez, Ricky",F,IMG Academy
940,1362,2005,2,36.0,"İlyasova, Ersan",F,Ülkerspor
941,1363,2005,2,37.0,"Turiaf, Ronny",F,Gonzaga
942,1364,2005,2,38.0,"Diener, Travis",G,Marquette
943,1365,2005,2,39.0,"Wafer, Von",G,Florida State
944,1366,2005,2,40.0,"Ellis, Monta",SG,Lanier HS
945,1367,2005,2,41.0,"Ukić, Roko",G,KK Split
946,1368,2005,2,42.0,"Taft, Chris",F,Pittsburgh
947,1369,2005,2,43.0,"Ilić, Mile",C,KK Reflex
948,1370,2005,2,44.0,"Andriuškevičius, Martynas",C,Žalgiris Kaunas
949,1371,2005,2,45.0,"Williams, Louis",SG,South Gwinnett HS
950,1372,2005,2,46.0,"Lorbek, Erazem",F,Climamio Bologna
951,1373,2005,2,47.0,"Wright, Bracey",G,Indiana
952,1374,2005,2,48.0,"Gelabale, Mickaël",F,Real Madrid
953,1375,2005,2,49.0,"Blatche, Andray",F,South Kent School
954,1376,2005,2,50.0,"Gomes, Ryan",F,Providence
955,1377,2005,2,51.0,"Whaley, Robert",C,Walsh
956,1378,2005,2,52.0,"Hervelle, Axel",F,Real Madrid
957,1379,2005,2,53.0,"Greene, Orien",G,Louisiana-Lafayette
958,1380,2005,2,54.0,"Thompson, Dijon",G/F,UCLA
959,1381,2005,2,55.0,"Roberts, Lawrence",F,Mississippi State
960,1382,2005,2,56.0,"Johnson, Amir",F,Westchester HS
961,1383,2005,2,57.0,"Gortat, Marcin",F/C,RheinEnergie Köln
962,1384,2005,2,58.0,"Slokar, Uroš",F,Snaidero Udine
963,1385,2005,2,59.0,"Akyol, Cenk",G,Efes Pilsen
964,1386,2005,2,60.0,"Acker, Alex",G,Pepperdine
965,1387,2006,1,1.0,"Bargnani, Andrea",PF,Benetton Treviso
966,1388,2006,1,2.0,"Aldridge, LaMarcus",PF,Texas
967,1389,2006,1,3.0,"Morrison, Adam",SF,Gonzaga
968,1390,2006,1,4.0,"Thomas, Tyrus",PF,LSU
969,1391,2006,1,5.0,"Williams, Shelden",PF,Duke
970,1392,2006,1,6.0,"Roy, Brandon",SG,Washington
971,1393,2006,1,7.0,"Foye, Randy",SG,Villanova
972,1394,2006,1,8.0,"Gay, Rudy",SF,Connecticut
973,1395,2006,1,9.0,"O'Bryant, Patrick",C,Bradley
974,1396,2006,1,10.0,"Sene, Mouhamed",C,Verviers-Pepinster
975,1397,2006,1,11.0,"Redick, J. J.",SG,Duke
976,1398,2006,1,12.0,"Armstrong, Hilton",C,Connecticut
977,1399,2006,1,13.0,"Sefolosha, Thabo",SG,Angelico Biella
978,1400,2006,1,14.0,"Brewer, Ronnie",SG,Arkansas
979,1401,2006,1,15.0,"Simmons, Cedric",SF,NC State
980,1402,2006,1,16.0,"Carney, Rodney",SF,Memphis
981,1403,2006,1,17.0,"Williams, Shawne",PF,Memphis
982,1404,2006,1,18.0,"Pecherov, Oleksiy",C,BC Kyiv
983,1405,2006,1,19.0,"Douby, Quincy",G,Rutgers
984,1406,2006,1,20.0,"Balkman, Renaldo",F,South Carolina
985,1407,2006,1,21.0,"Rondo, Rajon",PG,Kentucky
986,1408,2006,1,22.0,"Williams, Marcus",G,Connecticut
987,1409,2006,1,23.0,"Boone, Josh",F,Connecticut
988,1410,2006,1,24.0,"Lowry, Kyle",PG,Villanova
989,1411,2006,1,25.0,"Brown, Shannon",G,Michigan State
990,1412,2006,1,26.0,"Farmar, Jordan",G,UCLA
991,1413,2006,1,27.0,"Rodríguez, Sergio",G,Adecco Estudiantes
992,1414,2006,1,28.0,"Ager, Maurice",G,Michigan State
993,1415,2006,1,29.0,"Collins, Mardy",G,Temple
994,1416,2006,1,30.0,"Freeland, Joel",F,Gran Canaria
995,1417,2006,2,31.0,"White, James",G,Cincinnati
996,1418,2006,2,32.0,"Novak, Steve",SF,Marquette
997,1419,2006,2,33.0,"Jones, Solomon",F,South Florida
998,1420,2006,2,34.0,"Davis, Paul",C,Michigan State
999,1421,2006,2,35.0,"Tucker, P.J.",F,Texas
1000,1422,2006,2,36.0,"Smith, Craig",F,Boston College
1001,1423,2006,2,37.0,"Jones, Bobby",F,Washington
1002,1424,2006,2,38.0,"Perović, Kosta",C,Partizan Belgrade
1003,1425,2006,2,39.0,"Noel, David",F,North Carolina
1004,1426,2006,2,40.0,"Brown, Denham",G,Connecticut
1005,1427,2006,2,41.0,"Augustine, James",F,Illinois
1006,1428,2006,2,42.0,"Gibson, Daniel",G,Texas
1007,1429,2006,2,43.0,"Vinicius, Marcus",F,Objetivo São Carlos
1008,1430,2006,2,44.0,"Eliyahu, Lior",F,Hapoel Galil Elyon
1009,1431,2006,2,45.0,"Johnson, Alexander",F,Florida State
1010,1432,2006,2,46.0,"Brown, Dee",G,Illinois
1011,1433,2006,2,47.0,"Millsap, Paul",PF,Louisiana Tech
1012,1434,2006,2,48.0,"Veremeenko, Vladimir",F,Dynamo St. Petersburg
1013,1435,2006,2,49.0,"Powe, Leon",F,California
1014,1436,2006,2,50.0,"Hollins, Ryan",C,UCLA
1015,1437,2006,2,51.0,"Samb, Cheikh",C,WTC Cornellà
1016,1438,2006,2,52.0,"Diaz, Guillermo",G,Miami (FL)
1017,1439,2006,2,53.0,"Halperin, Yotam",G,Union Olimpija
1018,1440,2006,2,54.0,"Adams, Hassan",G,Arizona
1019,1441,2006,2,55.0,"Ugboaja, Ejike",F,Union Bank Lagos
1020,1442,2006,2,56.0,"Bavčić, Edin",F,ASA BH Telecom
1021,1443,2006,2,57.0,"Mavrokefalidis, Loukas",C,PAOK
1022,1444,2006,2,58.0,"Pinnock, J. R.",G,George Washington
1023,1445,2006,2,59.0,"Markota, Damir",F,Cibona Zagreb
1024,1446,2006,2,60.0,"Blalock, Will",G,Iowa State
1025,1447,2007,1,1.0,"Oden, Greg",C,Ohio State
1026,1448,2007,1,2.0,"Durant, Kevin",SF,Texas
1027,1449,2007,1,3.0,"Horford, Al",C,Florida
1028,1450,2007,1,4.0,"Conley, Mike",PG,Ohio State
1029,1451,2007,1,5.0,"Green, Jeff",SF,Georgetown
1030,1452,2007,1,6.0,"Yi, Jianlian",PF,Guangdong Southern Tigers
1031,1453,2007,1,7.0,"Brewer, Corey",SF,Florida
1032,1454,2007,1,8.0,"Wright, Brandan",PF,North Carolina
1033,1455,2007,1,9.0,"Noah, Joakim",C,Florida
1034,1456,2007,1,10.0,"Hawes, Spencer",C,Washington
1035,1457,2007,1,11.0,"Law, Acie",PG,Texas A&M
1036,1458,2007,1,12.0,"Young, Thaddeus",PF,Georgia Tech
1037,1459,2007,1,13.0,"Wright, Julian",SF,Kansas
1038,1460,2007,1,14.0,"Thornton, Al",SF,Florida State
1039,1461,2007,1,15.0,"Stuckey, Rodney",SG,Eastern Washington
1040,1462,2007,1,16.0,"Young, Nick",SG,USC
1041,1463,2007,1,17.0,"Williams, Sean",PF,Boston College
1042,1464,2007,1,18.0,"Belinelli, Marco",SG,Fortitudo Bologna
1043,1465,2007,1,19.0,"Crittenton, Javaris",PG,Georgia Tech
1044,1466,2007,1,20.0,"Smith, Jason",PF,Colorado State
1045,1467,2007,1,21.0,"Cook, Daequan",SG,Ohio State
1046,1468,2007,1,22.0,"Dudley, Jared",SF,Boston College
1047,1469,2007,1,23.0,"Chandler, Wilson",SF,DePaul
1048,1470,2007,1,24.0,"Fernández, Rudy",SG,Joventut Badalona
1049,1471,2007,1,25.0,"Almond, Morris",SG,Rice
1050,1472,2007,1,26.0,"Brooks, Aaron",PG,Oregon
1051,1473,2007,1,27.0,"Afflalo, Arron",SG,UCLA
1052,1474,2007,1,28.0,"Splitter, Tiago",C,TAU Cerámica
1053,1475,2007,1,29.0,"Tucker, Alando",SF,Wisconsin
1054,1476,2007,1,30.0,"Koponen, Petteri",SG,Tapiolan Honka
1055,1477,2007,2,31.0,"Landry, Carl",PF,Purdue
1056,1478,2007,2,32.0,"Pruitt, Gabe",PG,USC
1057,1479,2007,2,33.0,"Williams, Marcus",SF,Arizona
1058,1480,2007,2,34.0,"Fazekas, Nick",PF,Nevada
1059,1481,2007,2,35.0,"Davis, Glen",PF,LSU
1060,1482,2007,2,36.0,"Davidson, Jermareo",PF,Alabama
1061,1483,2007,2,37.0,"McRoberts, Josh",PF,Duke
1062,1484,2007,2,38.0,"Fesenko, Kyrylo",C,SK Cherkassy
1063,1485,2007,2,39.0,"Barać, Stanko",C,Široki Brijeg
1064,1486,2007,2,40.0,"Sun, Yue",SF,Beijing Olympians
1065,1487,2007,2,41.0,"Richard, Chris",PF,Florida
1066,1488,2007,2,42.0,"Byars, Derrick",SG,Vanderbilt
1067,1489,2007,2,43.0,"Haluska, Adam",SG,Iowa
1068,1490,2007,2,44.0,"Terry, Reyshawn",SF,North Carolina
1069,1491,2007,2,45.0,"Jordan, Jared",PG,Marist
1070,1492,2007,2,46.0,"Lasme, Stephane",PF,Massachusetts
1071,1493,2007,2,47.0,"McGuire, Dominic",SF,Fresno State
1072,1494,2007,2,48.0,"Gasol, Marc",C,Akasvayu Girona
1073,1495,2007,2,49.0,"Gray, Aaron",C,Pittsburgh
1074,1496,2007,2,50.0,"Seibutis, Renaldas",SG,Maroussi
1075,1497,2007,2,51.0,"Curry, JamesOn",PG,Oklahoma State
1076,1498,2007,2,52.0,"Green, Taurean",PG,Florida
1077,1499,2007,2,53.0,"Nichols, Demetris",SF,Syracuse
1078,1500,2007,2,54.0,"Newley, Brad",SF,Townsville Crocodiles
1079,1501,2007,2,55.0,"Hill, Herbert",PF,Providence
1080,1502,2007,2,56.0,"Sessions, Ramon",PG,Nevada
1081,1503,2007,2,57.0,"Mejia, Sammy",SG,DePaul
1082,1504,2007,2,58.0,"Printezis, Giorgos",PF,Olympia Larissa
1083,1505,2007,2,59.0,"Strawberry, D.J.",PG,Maryland
1084,1506,2007,2,60.0,"Raković, Milovan",C,Mega Ishrana
1085,1507,2008,1,1.0,"Rose, Derrick",PG,Memphis
1086,1508,2008,1,2.0,"Beasley, Michael",PF,Kansas State
1087,1509,2008,1,3.0,"Mayo, O. J.",SG,USC
1088,1510,2008,1,4.0,"Westbrook, Russell",PG,UCLA
1089,1511,2008,1,5.0,"Love, Kevin",PF,UCLA
1090,1512,2008,1,6.0,"Gallinari, Danilo",SF,Olimpia Milano
1091,1513,2008,1,7.0,"Gordon, Eric",SG,Indiana
1092,1514,2008,1,8.0,"Alexander, Joe",SF,West Virginia
1093,1515,2008,1,9.0,"Augustin, D. J.",PG,Texas
1094,1516,2008,1,10.0,"Lopez, Brook",C,Stanford
1095,1517,2008,1,11.0,"Bayless, Jerryd",PG,Arizona
1096,1518,2008,1,12.0,"Thompson, Jason",PF,Rider
1097,1519,2008,1,13.0,"Rush, Brandon",SG,Kansas
1098,1520,2008,1,14.0,"Randolph, Anthony",PF,LSU
1099,1521,2008,1,15.0,"Lopez, Robin",C,Stanford
1100,1522,2008,1,16.0,"Speights, Marreese",PF,Florida
1101,1523,2008,1,17.0,"Hibbert, Roy",C,Georgetown
1102,1524,2008,1,18.0,"McGee, Javale",C,Nevada
1103,1525,2008,1,19.0,"Hickson, J. J.",PF,NC State
1104,1526,2008,1,20.0,"Ajinça, Alexis",C,Hyères-Toulon
1105,1527,2008,1,21.0,"Anderson, Ryan",PF,California
1106,1528,2008,1,22.0,"Lee, Courtney",SG,Western Kentucky
1107,1529,2008,1,23.0,"Koufos, Kosta",C,Ohio State
1108,1530,2008,1,24.0,"Ibaka, Serge",PF,L'Hospitalet
1109,1531,2008,1,25.0,"Batum, Nicolas",SF,Le Mans
1110,1532,2008,1,26.0,"Hill, George",PG,IUPUI
1111,1533,2008,1,27.0,"Arthur, Darrell",PF,Kansas
1112,1534,2008,1,28.0,"Greene, Donté",SF,Syracuse
1113,1535,2008,1,29.0,"White, D. J.",PF,Indiana
1114,1536,2008,1,30.0,"Giddens, J. R.",SG,New Mexico
1115,1537,2008,2,31.0,"Peković, Nikola",C,Panathinaikos
1116,1538,2008,2,32.0,"Sharpe, Walter",PF,UAB
1117,1539,2008,2,33.0,"Dorsey, Joey",PF,Memphis
1118,1540,2008,2,34.0,"Chalmers, Mario",PG,Kansas
1119,1541,2008,2,35.0,"Jordan, DeAndre",C,Texas A&M
1120,1542,2008,2,36.0,"Aşık, Ömer",C,Fenerbahçe Ülker
1121,1543,2008,2,37.0,"Mbah a Moute, Luc",SF,UCLA
1122,1544,2008,2,38.0,"Weaver, Kyle",SG,Washington State
1123,1545,2008,2,39.0,"Weems, Sonny",SG,Arkansas
1124,1546,2008,2,40.0,"Douglas-Roberts, Chris",SG,Memphis
1125,1547,2008,2,41.0,"Jawai, Nathan",PF,Cairns Taipans
1126,1548,2008,2,42.0,"Singletary, Sean",PG,Virginia
1127,1549,2008,2,43.0,"Ewing, Jr., Patrick",SF,Georgetown
1128,1550,2008,2,44.0,"Tomić, Ante",C,KK Zagreb
1129,1551,2008,2,45.0,"Dragić, Goran",PG,Union Olimpija
1130,1552,2008,2,46.0,"Plaisted, Trent",PF,BYU
1131,1553,2008,2,47.0,"Walker, Bill",SG,Kansas State
1132,1554,2008,2,48.0,"Hairston, Malik",SG,Oregon
1133,1555,2008,2,49.0,"Hendrix, Richard",PF,Alabama
1134,1556,2008,2,50.0,"Hardin, DeVon",C,California
1135,1557,2008,2,51.0,"Foster, Shan",SG,Vanderbilt
1136,1558,2008,2,52.0,"Jackson, Darnell",PF,Kansas
1137,1559,2008,2,53.0,"Dragićević, Tadija",PF,Red Star Belgrade
1138,1560,2008,2,54.0,"Leunen, Maarty",PF,Oregon
1139,1561,2008,2,55.0,"Taylor, Mike",PG,Idaho Stampede
1140,1562,2008,2,56.0,"Kaun, Sasha",C,Kansas
1141,1563,2008,2,57.0,"Gist, James",PF,Maryland
1142,1564,2008,2,58.0,"Crawford, Joe",SG,Kentucky
1143,1565,2008,2,59.0,"Washington, Deron",SF,Virginia Tech
1144,1566,2008,2,60.0,"Erden, Semih",C,Fenerbahçe Ülker
1145,1567,2009,1,1.0,"Griffin, Blake",PF,Oklahoma
1146,1568,2009,1,2.0,"Thabeet, Hasheem",C,Connecticut
1147,1569,2009,1,3.0,"Harden, James",SG,Arizona State
1148,1570,2009,1,4.0,"Evans, Tyreke",SG,Memphis
1149,1571,2009,1,5.0,"Rubio, Ricky",PG,DKV Joventut
1150,1572,2009,1,6.0,"Flynn, Jonny",PG,Syracuse
1151,1573,2009,1,7.0,"Curry, Stephen",PG,Davidson
1152,1574,2009,1,8.0,"Hill, Jordan",PF,Arizona
1153,1575,2009,1,9.0,"DeRozan, DeMar",SG,USC
1154,1576,2009,1,10.0,"Jennings, Brandon",PG,Lottomatica Roma
1155,1577,2009,1,11.0,"Williams, Terrence",SG,Louisville
1156,1578,2009,1,12.0,"Henderson, Gerald",SG,Duke
1157,1579,2009,1,13.0,"Hansbrough, Tyler",PF,North Carolina
1158,1580,2009,1,14.0,"Clark, Earl",SF,Louisville
1159,1581,2009,1,15.0,"Daye, Austin",SF,Gonzaga
1160,1582,2009,1,16.0,"Johnson, James",SF,Wake Forest
1161,1583,2009,1,17.0,"Holiday, Jrue",PG,UCLA
1162,1584,2009,1,18.0,"Lawson, Ty",PG,North Carolina
1163,1585,2009,1,19.0,"Teague, Jeff",PG,Wake Forest
1164,1586,2009,1,20.0,"Maynor, Eric",PG,VCU
1165,1587,2009,1,21.0,"Collison, Darren",PG,UCLA
1166,1588,2009,1,22.0,"Claver, Víctor",SF,Pamesa Valencia
1167,1589,2009,1,23.0,"Casspi, Omri",SF,Maccabi Tel Aviv
1168,1590,2009,1,24.0,"Mullens, Byron",C,Ohio State
1169,1591,2009,1,25.0,"Beaubois, Rodrigue",PG,Cholet
1170,1592,2009,1,26.0,"Gibson, Taj",PF,USC
1171,1593,2009,1,27.0,"Carroll, DeMarre",SF,Missouri
1172,1594,2009,1,28.0,"Ellington, Wayne",SG,North Carolina
1173,1595,2009,1,29.0,"Douglas, Toney",PG,Florida State
1174,1596,2009,1,30.0,"Eyenga, Christian",SF,CB Prat
1175,1597,2009,2,31.0,"Pendergraph, Jeff",PF,Arizona State
1176,1598,2009,2,32.0,"Taylor, Jermaine",SG,Central Florida
1177,1599,2009,2,33.0,"Cunningham, Dante",PF,Villanova
1178,1600,2009,2,34.0,"Llull, Sergio",PG,Real Madrid
1179,1601,2009,2,35.0,"Summers, DaJuan",PF,Georgetown
1180,1602,2009,2,36.0,"Young, Sam",SF,Pittsburgh
1181,1603,2009,2,37.0,"Blair, DeJuan",PF,Pittsburgh
1182,1604,2009,2,38.0,"Brockman, Jon",PF,Washington
1183,1605,2009,2,39.0,"Jerebko, Jonas",PF,Angelico Biella
1184,1606,2009,2,40.0,"Brown, Derrick",SF,Xavier
1185,1607,2009,2,41.0,"Meeks, Jodie",SG,Kentucky
1186,1608,2009,2,42.0,"Beverley, Patrick",PG,Arkansas
1187,1609,2009,2,43.0,"Thornton, Marcus",SG,LSU
1188,1610,2009,2,44.0,"Budinger, Chase",SF,Arizona
1189,1611,2009,2,45.0,"Calathes, Nick",PG,Florida
1190,1612,2009,2,46.0,"Green, Danny",SF,North Carolina
1191,1613,2009,2,47.0,"Norel, Henk",PF,DKV Joventut
1192,1614,2009,2,48.0,"Griffin, Taylor",SF,Oklahoma
1193,1615,2009,2,49.0,"Gladyr, Sergiy",SG,MBC Mykolaiv
1194,1616,2009,2,50.0,"Suton, Goran",C,Michigan State
1195,1617,2009,2,51.0,"McClinton, Jack",SG,Miami (FL)
1196,1618,2009,2,52.0,"Price, A. J.",PG,Connecticut
1197,1619,2009,2,53.0,"de Colo, Nando",PG,Cholet
1198,1620,2009,2,54.0,"Vaden, Robert",SG,UAB
1199,1621,2009,2,55.0,"Mills, Patty",PG,Saint Mary's
1200,1622,2009,2,56.0,"Nivins, Ahmad",PF,Saint Joseph's
1201,1623,2009,2,57.0,"Preldžič, Emir",PF,Fenerbahçe Ülker
1202,1624,2009,2,58.0,"Hudson, Lester",PG,Tennessee-Martin
1203,1625,2009,2,59.0,"Elonu, Chinemelu",PF,Texas A&M
1204,1626,2009,2,60.0,"Dozier, Robert",SF,Memphis
1205,1627,2010,1,1.0,"Wall, John",PG,Kentucky
1206,1628,2010,1,2.0,"Turner, Evan",SF/SG,Ohio State
1207,1629,2010,1,3.0,"Favors, Derrick",PF,Georgia Tech
1208,1630,2010,1,4.0,"Johnson, Wesley",SF,Syracuse
1209,1631,2010,1,5.0,"Cousins, DeMarcus",C,Kentucky
1210,1632,2010,1,6.0,"Udoh, Ekpe",C,Baylor
1211,1633,2010,1,7.0,"Monroe, Greg",PF,Georgetown
1212,1634,2010,1,8.0,"Aminu, Al-Farouq",SF,Wake Forest
1213,1635,2010,1,9.0,"Hayward, Gordon",SF,Butler
1214,1636,2010,1,10.0,"George, Paul",SF,Fresno State
1215,1637,2010,1,11.0,"Aldrich, Cole",C,Kansas
1216,1638,2010,1,12.0,"Henry, Xavier",SG,Kansas
1217,1639,2010,1,13.0,"Davis, Ed",PF,North Carolina
1218,1640,2010,1,14.0,"Patterson, Patrick",PF,Kentucky
1219,1641,2010,1,15.0,"Sanders, Larry",C,VCU
1220,1642,2010,1,16.0,"Babbitt, Luke",SF,Nevada
1221,1643,2010,1,17.0,"Séraphin, Kévin",PF,Cholet Basket
1222,1644,2010,1,18.0,"Bledsoe, Eric",PG,Kentucky
1223,1645,2010,1,19.0,"Bradley, Avery",SG,Texas
1224,1646,2010,1,20.0,"Anderson, James",SG,Oklahoma State
1225,1647,2010,1,21.0,"Brackins, Craig",PF,Iowa State
1226,1648,2010,1,22.0,"Williams, Elliot",SG,Memphis
1227,1649,2010,1,23.0,"Booker, Trevor",PF,Clemson
1228,1650,2010,1,24.0,"James, Damion",SF,Texas
1229,1651,2010,1,25.0,"Jones, Dominique",SG,USF
1230,1652,2010,1,26.0,"Pondexter, Quincy",SF,Washington
1231,1653,2010,1,27.0,"Crawford, Jordan",SG,Xavier
1232,1654,2010,1,28.0,"Vásquez, Greivis",PG,Maryland
1233,1655,2010,1,29.0,"Orton, Daniel",C,Kentucky
1234,1656,2010,1,30.0,"Hayward, Lazar",SF,Marquette
1235,1657,2010,2,31.0,"Pleiß, Tibor",C,Brose Bamberg
1236,1658,2010,2,32.0,"Pittman, Dexter",C,Texas
1237,1659,2010,2,33.0,"Whiteside, Hassan",C,Marshall
1238,1660,2010,2,34.0,"Johnson, Armon",PG,Nevada
1239,1661,2010,2,35.0,"Bjelica, Nemanja",SF,Red Star Belgrade
1240,1662,2010,2,36.0,"White, Terrico",SG,Ole Miss
1241,1663,2010,2,37.0,"Hobson, Darington",SF,New Mexico
1242,1664,2010,2,38.0,"Rautins, Andy",SG,Syracuse
1243,1665,2010,2,39.0,"Fields, Landry",SG,Stanford
1244,1666,2010,2,40.0,"Stephenson, Lance",SG,Cincinnati
1245,1667,2010,2,41.0,"Varnado, Jarvis",PF,Mississippi State
1246,1668,2010,2,42.0,"Butler, Da'Sean",SF,West Virginia
1247,1669,2010,2,43.0,"Ebanks, Devin",SF,West Virginia
1248,1670,2010,2,44.0,"Jordan, Jerome",C,Tulsa
1249,1671,2010,2,45.0,"Prestes, Paulão",C,CB Murcia
1250,1672,2010,2,46.0,"Lawal, Gani",PF,Georgia Tech
1251,1673,2010,2,47.0,"Gallon, Tiny",PF,Oklahoma
1252,1674,2010,2,48.0,"Williams, Latavious",SF,Tulsa 66ers
1253,1675,2010,2,49.0,"Richards, Ryan",PF,CB Gran Canaria
1254,1676,2010,2,50.0,"Alabi, Solomon",C,Florida State
1255,1677,2010,2,51.0,"Rolle, Magnum",PF,Louisiana Tech
1256,1678,2010,2,52.0,"Harangody, Luke",PF,Notre Dame
1257,1679,2010,2,53.0,"Sy, Pape",SF,STB Le Havre
1258,1680,2010,2,54.0,"Warren, Willie",PG,Oklahoma
1259,1681,2010,2,55.0,"Evans, Jeremy",PF,WKU
1260,1682,2010,2,56.0,"Ndiaye, Hamady",C,Rutgers
1261,1683,2010,2,57.0,"Reid, Ryan",PF,Florida State
1262,1684,2010,2,58.0,"Caracter, Derrick",PF,UTEP
1263,1685,2010,2,59.0,"Robinson, Stanley",SF,Connecticut
1264,1686,2010,2,60.0,"Collins, Dwayne",PF,Miami
1265,1687,2011,1,1.0,"Irving, Kyrie",PG,Duke
1266,1688,2011,1,2.0,"Williams, Derrick",SF/PF,Arizona
1267,1689,2011,1,3.0,"Kanter, Enes",C,Kentucky
1268,1690,2011,1,4.0,"Thompson, Tristan",C/PF,Texas
1269,1691,2011,1,5.0,"Valančiūnas, Jonas",C,Lietuvos rytas Vilnius
1270,1692,2011,1,6.0,"Veselý, Jan",PF,Partizan Belgrade
1271,1693,2011,1,7.0,"Biyombo, Bismack",C,Fuenlabrada
1272,1694,2011,1,8.0,"Knight, Brandon",PG,Kentucky
1273,1695,2011,1,9.0,"Walker, Kemba",PG,Connecticut
1274,1696,2011,1,10.0,"Fredette, Jimmer",PG/SG,BYU
1275,1697,2011,1,11.0,"Thompson, Klay",SG,Washington State
1276,1698,2011,1,12.0,"Burks, Alec",SG,Colorado
1277,1699,2011,1,13.0,"Morris, Markieff",PF,Kansas
1278,1700,2011,1,14.0,"Morris, Marcus",PF/SF,Kansas
1279,1701,2011,1,15.0,"Leonard, Kawhi",SF,San Diego State
1280,1702,2011,1,16.0,"Vučević, Nikola",C,USC
1281,1703,2011,1,17.0,"Shumpert, Iman",SG,Georgia Tech
1282,1704,2011,1,18.0,"Singleton, Chris",SF,Florida State
1283,1705,2011,1,19.0,"Harris, Tobias",SF,Tennessee
1284,1706,2011,1,20.0,"Motiejūnas, Donatas",PF,Benetton Treviso
1285,1707,2011,1,21.0,"Smith, Nolan",PG,Duke
1286,1708,2011,1,22.0,"Faried, Kenneth",PF,Morehead State
1287,1709,2011,1,23.0,"Mirotić, Nikola",PF,Real Madrid
1288,1710,2011,1,24.0,"Jackson, Reggie",PG,Boston College
1289,1711,2011,1,25.0,"Brooks, MarShon",SG,Providence
1290,1712,2011,1,26.0,"Hamilton, Jordan",SG,Texas
1291,1713,2011,1,27.0,"Johnson, JaJuan",PF,Purdue
1292,1714,2011,1,28.0,"Cole, Norris",PG,Cleveland State
1293,1715,2011,1,29.0,"Joseph, Cory",PG,Texas
1294,1716,2011,1,30.0,"Butler, Jimmy",SG,Marquette
1295,1717,2011,2,31.0,"Bogdanović, Bojan",SF/SG,Cibona Zagreb
1296,1718,2011,2,32.0,"Harper, Justin",PF,Richmond
1297,1719,2011,2,33.0,"Singler, Kyle",SF,Duke
1298,1720,2011,2,34.0,"Mack, Shelvin",PG,Butler
1299,1721,2011,2,35.0,"Honeycutt, Tyler",SF,UCLA
1300,1722,2011,2,36.0,"Williams, Jordan",PF,Maryland
1301,1723,2011,2,37.0,"Thompkins, Trey",PF,Georgia
1302,1724,2011,2,38.0,"Parsons, Chandler",SF,Florida
1303,1725,2011,2,39.0,"Tyler, Jeremy",PF,Tokyo Apache
1304,1726,2011,2,40.0,"Leuer, Jon",PF,Wisconsin
1305,1727,2011,2,41.0,"Morris, Darius",PG,Michigan
1306,1728,2011,2,42.0,"Bertāns, Dāvis",SF,Union Olimpija
1307,1729,2011,2,43.0,"Lee, Malcolm",SG,UCLA
1308,1730,2011,2,44.0,"Jenkins, Charles",PG,Hofstra
1309,1731,2011,2,45.0,"Harrellson, Josh",C,Kentucky
1310,1732,2011,2,46.0,"Goudelock, Andrew",PG,College of Charleston
1311,1733,2011,2,47.0,"Leslie, Travis",SG,Georgia
1312,1734,2011,2,48.0,"Benson, Keith",C,Oakland
1313,1735,2011,2,49.0,"Selby, Josh",PG,Kansas
1314,1736,2011,2,50.0,"Allen, Lavoy",PF,Temple
1315,1737,2011,2,51.0,"Diebler, Jon",SG,Ohio State
1316,1738,2011,2,52.0,"Macklin, Vernon",PF,Florida
1317,1739,2011,2,53.0,"Liggins, DeAndre",SG,Kentucky
1318,1740,2011,2,54.0,"Macvan, Milan",PF,Maccabi Tel Aviv
1319,1741,2011,2,55.0,"Moore, Etwaun",SG,Purdue
1320,1742,2011,2,56.0,"Maduabum, Chukwudiebere",PF,Bakersfield Jam
1321,1743,2011,2,57.0,"Ngombo, Tanguy",SF,Al Rayyan
1322,1744,2011,2,58.0,"Majok, Ater",PF,Gold Coast Blaze
1323,1745,2011,2,59.0,"Hanga, Ádám",SG,Albacomp
1324,1746,2011,2,60.0,"Thomas, Isaiah",PG,Washington
1325,1747,2012,1,1.0,"Davis, Anthony",PF/C,Kentucky
1326,1748,2012,1,2.0,"Kidd-Gilchrist, Michael",SF,Kentucky
1327,1749,2012,1,3.0,"Beal, Bradley",SG,Florida
1328,1750,2012,1,4.0,"Waiters, Dion",SG,Syracuse
1329,1751,2012,1,5.0,"Robinson, Thomas",PF,Kansas
1330,1752,2012,1,6.0,"Lillard, Damian",PG,Weber St.
1331,1753,2012,1,7.0,"Barnes, Harrison",SF,North Carolina
1332,1754,2012,1,8.0,"Ross, Terrence",SG,Washington
1333,1755,2012,1,9.0,"Drummond, Andre",C,Connecticut
1334,1756,2012,1,10.0,"Rivers, Austin",SG,Duke
1335,1757,2012,1,11.0,"Leonard, Meyers",C,Illinois
1336,1758,2012,1,12.0,"Lamb, Jeremy",SG,Connecticut
1337,1759,2012,1,13.0,"Marshall, Kendall",PG,North Carolina
1338,1760,2012,1,14.0,"Henson, John",PF,North Carolina
1339,1761,2012,1,15.0,"Harkless, Maurice",SF,St. John's
1340,1762,2012,1,16.0,"White, Royce",PF,Iowa St.
1341,1763,2012,1,17.0,"Zeller, Tyler",C,North Carolina
1342,1764,2012,1,18.0,"Jones, Terrence",PF,Kentucky
1343,1765,2012,1,19.0,"Nicholson, Andrew",PF,St. Bonaventure
1344,1766,2012,1,20.0,"Fournier, Evan",SG,Poitiers Basket
1345,1767,2012,1,21.0,"Sullinger, Jared",PF,Ohio St.
1346,1768,2012,1,22.0,"Melo, Fab",C,Syracuse
1347,1769,2012,1,23.0,"Jenkins, John",SG,Vanderbilt
1348,1770,2012,1,24.0,"Cunningham, Jared",SG,Oregon St.
1349,1771,2012,1,25.0,"Wroten, Tony",PG,Washington
1350,1772,2012,1,26.0,"Plumlee, Miles",C,Duke
1351,1773,2012,1,27.0,"Moultrie, Arnett",PF,Mississippi St.
1352,1774,2012,1,28.0,"Jones III, Perry",SF,Baylor
1353,1775,2012,1,29.0,"Teague, Marquis",PG,Kentucky
1354,1776,2012,1,30.0,"Ezeli, Festus",C,Vanderbilt
1355,1777,2012,2,31.0,"Taylor, Jeffery",SF,Vanderbilt
1356,1778,2012,2,32.0,"Satoranský, Tomáš",SG,Banca Cívica Sevilla
1357,1779,2012,2,33.0,"James, Bernard",C,Florida St.
1358,1780,2012,2,34.0,"Crowder, Jae",SF,Marquette
1359,1781,2012,2,35.0,"Green, Draymond",PF,Michigan St.
1360,1782,2012,2,36.0,"Johnson, Orlando",SG,UC Santa Barbara
1361,1783,2012,2,37.0,"Acy, Quincy",PF,Baylor
1362,1784,2012,2,38.0,"Miller, Quincy",SF,Baylor
1363,1785,2012,2,39.0,"Middleton, Khris",SF,Texas A&M
1364,1786,2012,2,40.0,"Barton, Will",SG,Memphis
1365,1787,2012,2,41.0,"Taylor, Tyshawn",PG,Kansas
1366,1788,2012,2,42.0,"Lamb, Doron",SG,Kentucky
1367,1789,2012,2,43.0,"Scott, Mike",PF,Virginia
1368,1790,2012,2,44.0,"English, Kim",SG,Missouri
1369,1791,2012,2,45.0,"Hamilton, Justin",C,LSU
1370,1792,2012,2,46.0,"Miller, Darius",SF,Kentucky
1371,1793,2012,2,47.0,"Murphy, Kevin",SG,Tennessee Tech
1372,1794,2012,2,48.0,"Papanikolaou, Kostas",SF,Olympiacos
1373,1795,2012,2,49.0,"O'Quinn, Kyle",PF,Norfolk St.
1374,1796,2012,2,50.0,"Turkyilmaz, Izzet",PF,Banvit
1375,1797,2012,2,51.0,"Joseph, Kris",SF,Syracuse
1376,1798,2012,2,52.0,"Kuzmić, Ognjen",C,Clinicas Rincón
1377,1799,2012,2,53.0,"Aldemir, Furkan",PF,Galatasaray
1378,1800,2012,2,54.0,"Shengelia, Tornike",SF,Spirou Charleroi
1379,1801,2012,2,55.0,"Johnson-Odom, Darius",SG,Marquette
1380,1802,2012,2,56.0,"Zubčić, Tomislav",PF,Cibona Zagreb
1381,1803,2012,2,57.0,"Karaman, İlkan",PF,Pınar Karşıyaka
1382,1804,2012,2,58.0,"Hummel, Robbie",SF,Purdue
1383,1805,2012,2,59.0,"Denmon, Marcus",PG,Missouri
1384,1806,2012,2,60.0,"Sacre, Robert",C,Gonzaga
1385,1807,2013,1,1.0,"Bennett, Anthony",PF/SF,UNLV
1386,1808,2013,1,2.0,"Oladipo, Victor",SG/PG,Indiana
1387,1809,2013,1,3.0,"Porter, Otto",SF,Georgetown
1388,1810,2013,1,4.0,"Zeller, Cody",C/PF,Indiana
1389,1811,2013,1,5.0,"Len, Alex",C,Maryland
1390,1812,2013,1,6.0,"Noel, Nerlens",C,Kentucky
1391,1813,2013,1,7.0,"McLemore, Ben",SG,Kansas
1392,1814,2013,1,8.0,"Caldwell-Pope, Kentavious",SG,Georgia
1393,1815,2013,1,9.0,"Burke, Trey",PG,Michigan
1394,1816,2013,1,10.0,"McCollum, C. J.",SG,Lehigh
1395,1817,2013,1,11.0,"Carter-Williams, Michael",PG,Syracuse
1396,1818,2013,1,12.0,"Adams, Steven",C,Pittsburgh
1397,1819,2013,1,13.0,"Olynyk, Kelly",C,Gonzaga
1398,1820,2013,1,14.0,"Muhammad, Shabazz",SG/SF,UCLA
1399,1821,2013,1,15.0,"Antetokounmpo, Giannis",SF/PF,Filathlitikos
1400,1822,2013,1,16.0,"Nogueira, Lucas",C,Estudiantes
1401,1823,2013,1,17.0,"Schröder, Dennis",PG,Phantoms Braunschweig
1402,1824,2013,1,18.0,"Larkin, Shane",PG,Miami (FL)
1403,1825,2013,1,19.0,"Karasev, Sergey",SG/SF,Triumph Lyubertsy
1404,1826,2013,1,20.0,"Snell, Tony",SF,New Mexico
1405,1827,2013,1,21.0,"Dieng, Gorgui",C,Louisville
1406,1828,2013,1,22.0,"Plumlee, Mason",C,Duke
1407,1829,2013,1,23.0,"Hill, Solomon",SF,Arizona
1408,1830,2013,1,24.0,"Hardaway Jr., Tim",SG,Michigan
1409,1831,2013,1,25.0,"Bullock, Reggie",SF,North Carolina
1410,1832,2013,1,26.0,"Roberson, André",SG/SF,Colorado
1411,1833,2013,1,27.0,"Gobert, Rudy",C,Cholet Basket
1412,1834,2013,1,28.0,"Jean-Charles, Livio",SF,ASVEL Basket
1413,1835,2013,1,29.0,"Goodwin, Archie",SG,Kentucky
1414,1836,2013,1,30.0,"Nedović, Nemanja",PG,Lietuvos Rytas
1415,1837,2013,2,31.0,"Crabbe, Allen",SG,California
1416,1838,2013,2,32.0,"Abrines, Álex",SG/SF,FC Barcelona
1417,1839,2013,2,33.0,"Felix, Carrick",SG,Arizona State
1418,1840,2013,2,34.0,"Canaan, Isaiah",PG,Murray State
1419,1841,2013,2,35.0,"Rice Jr., Glen",SG,Rio Grande Valley Vipers
1420,1842,2013,2,36.0,"McCallum Jr., Ray",PG,Detroit
1421,1843,2013,2,37.0,"Mitchell, Tony",PF,North Texas
1422,1844,2013,2,38.0,"Wolters, Nate",PG,South Dakota State
1423,1845,2013,2,39.0,"Withey, Jeff",C,Kansas
1424,1846,2013,2,40.0,"Jerrett, Grant",PF,Arizona
1425,1847,2013,2,41.0,"Franklin, Jamaal",SG,San Diego State
1426,1848,2013,2,42.0,"Jackson, Pierre",PG,Baylor
1427,1849,2013,2,43.0,"Ledo, Ricky",SG,Providence
1428,1850,2013,2,44.0,"Muscala, Mike",C,Bucknell
1429,1851,2013,2,45.0,"Todorović, Marko",PF/C,FC Barcelona
1430,1852,2013,2,46.0,"Green, Erick",PG,Virginia Tech
1431,1853,2013,2,47.0,"Neto, Raul",PG,Gipuzkoa Basket
1432,1854,2013,2,48.0,"Kelly, Ryan",PF,Duke
1433,1855,2013,2,49.0,"Murphy, Erik",PF,Florida
1434,1856,2013,2,50.0,"Ennis, James",SF,Long Beach State
1435,1857,2013,2,51.0,"Osby, Romero",PF,Oklahoma
1436,1858,2013,2,52.0,"Brown, Lorenzo",PG,NC State
1437,1859,2013,2,53.0,"Iverson, Colton",C,Colorado State
1438,1860,2013,2,54.0,"Kazemi, Arsalan",PF,Oregon
1439,1861,2013,2,55.0,"Lauvergne, Joffrey",C,Partizan Belgrade
1440,1862,2013,2,56.0,"Siva, Peyton",PG,Louisville
1441,1863,2013,2,57.0,"Oriakhi, Alex",C,Missouri
1442,1864,2013,2,58.0,"Thomas, Deshaun",SF,Ohio State
1443,1865,2013,2,59.0,"Dubljević, Bojan",PF,Valencia Basket
1444,1866,2013,2,60.0,"Timma, Jānis",SF,BK Ventspils
1445,1867,2014,1,1.0,"Wiggins, Andrew",SF/SG,Kansas
1446,1868,2014,1,2.0,"Parker, Jabari",SF/PF,Duke
1447,1869,2014,1,3.0,"Embiid, Joel",C,Kansas
1448,1870,2014,1,4.0,"Gordon, Aaron",PF,Arizona
1449,1871,2014,1,5.0,"Exum, Dante",PG/SG,Australian Institute of Sport
1450,1872,2014,1,6.0,"Smart, Marcus",PG,Oklahoma State
1451,1873,2014,1,7.0,"Randle, Julius",PF,Kentucky
1452,1874,2014,1,8.0,"Stauskas, Nik",SG,Michigan
1453,1875,2014,1,9.0,"Vonleh, Noah",PF,Indiana
1454,1876,2014,1,10.0,"Payton, Elfrid",PG,Louisiana–Lafayette
1455,1877,2014,1,11.0,"McDermott, Doug",SF,Creighton
1456,1878,2014,1,12.0,"Saric, Dario",SF/PF,Cibona Zagreb
1457,1879,2014,1,13.0,"LaVine, Zach",SG,UCLA
1458,1880,2014,1,14.0,"Warren, T. J.",SF,North Carolina State
1459,1881,2014,1,15.0,"Payne, Adreian",PF,Michigan State
1460,1882,2014,1,16.0,"Nurkić, Jusuf",C,Cedevita Zagreb
1461,1883,2014,1,17.0,"Young, James",SG/SF,Kentucky
1462,1884,2014,1,18.0,"Ennis, Tyler",PG,Syracuse
1463,1885,2014,1,19.0,"Harris, Gary",SG,Michigan State
1464,1886,2014,1,20.0,"Caboclo, Bruno",SF,EC Pinheiros
1465,1887,2014,1,21.0,"McGary, Mitch",PF,Michigan
1466,1888,2014,1,22.0,"Adams, Jordan",SG,UCLA
1467,1889,2014,1,23.0,"Hood, Rodney",SG,Duke
1468,1890,2014,1,24.0,"Napier, Shabazz",PG,Connecticut
1469,1891,2014,1,25.0,"Capela, Clint",C,Élan Chalon
1470,1892,2014,1,26.0,"Hairston, P. J.",SG,Texas Legends
1471,1893,2014,1,27.0,"Bogdanović, Bogdan",SG,Partizan Belgrade
1472,1894,2014,1,28.0,"Wilcox, C. J.",SG,Washington
1473,1895,2014,1,29.0,"Huestis, Josh",SF/PF,Stanford
1474,1896,2014,1,30.0,"Anderson, Kyle",SF,UCLA
1475,1897,2014,2,31.0,"Inglis, Damien",SF,Chorale Roanne
1476,1898,2014,2,32.0,"McDaniels, K. J.",SF,Clemson
1477,1899,2014,2,33.0,"Harris, Joe",SG,Virginia
1478,1900,2014,2,34.0,"Early, Cleanthony",SF,Wichita State
1479,1901,2014,2,35.0,"Stokes, Jarnell",PF,Tennessee
1480,1902,2014,2,36.0,"O'Bryant III, Johnny",PF,Louisiana State
1481,1903,2014,2,37.0,"Daniels, DeAndre",SF,Connecticut
1482,1904,2014,2,38.0,"Dinwiddie, Spencer",PG/SG,Colorado
1483,1905,2014,2,39.0,"Grant, Jerami",SF,Syracuse
1484,1906,2014,2,40.0,"Robinson III, Glenn",SF,Michigan
1485,1907,2014,2,41.0,"Jokić, Nikola",PF/C,Mega Vizura
1486,1908,2014,2,42.0,"Johnson, Nick",PG/SG,Arizona
1487,1909,2014,2,43.0,"Tavares, Walter",C,CB Gran Canaria
1488,1910,2014,2,44.0,"Brown, Markel",SG,Oklahoma State
1489,1911,2014,2,45.0,"Powell, Dwight",PF,Stanford
1490,1912,2014,2,46.0,"Clarkson, Jordan",PG,Missouri
1491,1913,2014,2,47.0,"Smith, Russ",PG/SG,Louisville
1492,1914,2014,2,48.0,"Patterson, Lamar",SG/SF,Pittsburgh
1493,1915,2014,2,49.0,"Bairstow, Cameron",PF/C,New Mexico
1494,1916,2014,2,50.0,"Brown, Alec",C,Green Bay
1495,1917,2014,2,51.0,"Antetokounmpo, Thanasis",SF,Delaware 87ers
1496,1918,2014,2,52.0,"Micić, Vasilije",PG,Mega Vizura
1497,1919,2014,2,53.0,"Gentile, Alessandro",SF,Olimpia Milano
1498,1920,2014,2,54.0,"Dangubić, Nemanja",SG,Mega Vizura
1499,1921,2014,2,55.0,"Christon, Semaj",PG,Xavier
1500,1922,2014,2,56.0,"Marble, Devyn",SG/SF,Iowa
1501,1923,2014,2,57.0,"Labeyrie, Louis",PF/C,Paris-Levallois Basket
1502,1924,2014,2,58.0,"McRae, Jordan",SG,Tennessee
1503,1925,2014,2,59.0,"Thames, Xavier",PG/SG,San Diego State
1504,1926,2014,2,60.0,"Jefferson, Cory",PF,Baylor
1505,1927,2015,1,1.0,"Towns, Karl-Anthony",C,Kentucky
1506,1928,2015,1,2.0,"Russell, D'Angelo",PG,Ohio State
1507,1929,2015,1,3.0,"Okafor, Jahlil",C,Duke
1508,1930,2015,1,4.0,"Porziņģis, Kristaps",PF/C,Baloncesto Sevilla
1509,1931,2015,1,5.0,"Hezonja, Mario",SG/SF,FC Barcelona
1510,1932,2015,1,6.0,"Cauley-Stein, Willie",C,Kentucky
1511,1933,2015,1,7.0,"Mudiay, Emmanuel",PG,Guangdong Southern Tigers
1512,1934,2015,1,8.0,"Johnson, Stanley",SF,Arizona
1513,1935,2015,1,9.0,"Kaminsky, Frank",C,Wisconsin
1514,1936,2015,1,10.0,"Winslow, Justise",SF,Duke
1515,1937,2015,1,11.0,"Turner, Myles",C,Texas
1516,1938,2015,1,12.0,"Lyles, Trey",PF,Kentucky
1517,1939,2015,1,13.0,"Booker, Devin",SG,Kentucky
1518,1940,2015,1,14.0,"Payne, Cameron",PG,Murray State
1519,1941,2015,1,15.0,"Oubre Jr., Kelly",SG,Kansas
1520,1942,2015,1,16.0,"Rozier, Terry",PG,Louisville
1521,1943,2015,1,17.0,"Vaughn, Rashad",SG,UNLV
1522,1944,2015,1,18.0,"Dekker, Sam",SF,Wisconsin
1523,1945,2015,1,19.0,"Grant, Jerian",PG,Notre Dame
1524,1946,2015,1,20.0,"Wright, Delon",PG,Utah
1525,1947,2015,1,21.0,"Anderson, Justin",SF,Virginia
1526,1948,2015,1,22.0,"Portis, Bobby",PF,Arkansas
1527,1949,2015,1,23.0,"Hollis-Jefferson, Rondae",SF,Arizona
1528,1950,2015,1,24.0,"Jones, Tyus",PG,Duke
1529,1951,2015,1,25.0,"Martin, Jarell",PF,LSU
1530,1952,2015,1,26.0,"Milutinov, Nikola",C,Partizan Belgrade
1531,1953,2015,1,27.0,"Nance Jr., Larry",PF,Wyoming
1532,1954,2015,1,28.0,"Hunter, R. J.",SG,Georgia State
1533,1955,2015,1,29.0,"McCullough, Chris",PF,Syracuse
1534,1956,2015,1,30.0,"Looney, Kevon",PF,UCLA
1535,1957,2015,2,31.0,"Osman, Cedi",SG/SF,Anadolu Efes
1536,1958,2015,2,32.0,"Harrell, Montrezl",PF,Louisville
1537,1959,2015,2,33.0,"Mickey, Jordan",PF,LSU
1538,1960,2015,2,34.0,"Brown, Anthony",SF,Stanford
1539,1961,2015,2,35.0,"Hernangómez, Willy",C,Baloncesto Sevilla
1540,1962,2015,2,36.0,"Christmas, Rakeem",PF/C,Syracuse
1541,1963,2015,2,37.0,"Holmes, Richaun",SF/PF,Bowling Green
1542,1964,2015,2,38.0,"Hilliard, Darrun",SG,Villanova
1543,1965,2015,2,39.0,"Vaulet, Juan Pablo",SF,Estudiantes de Bahía
1544,1966,2015,2,40.0,"Richardson, Josh",SG,Tennessee
1545,1967,2015,2,41.0,"Connaughton, Pat",SF,Notre Dame
1546,1968,2015,2,42.0,"Hanlan, Olivier",PG,Boston College
1547,1969,2015,2,43.0,"Young, Joseph",PG,Oregon
1548,1970,2015,2,44.0,"Harrison, Andrew",PG,Kentucky
1549,1971,2015,2,45.0,"Thornton, Marcus",PG,William & Mary
1550,1972,2015,2,46.0,"Powell, Norman",SG,UCLA
1551,1973,2015,2,47.0,"Gudaitis, Artūras",C,Žalgiris Kaunas
1552,1974,2015,2,48.0,"Johnson, Dakari",C,Kentucky
1553,1975,2015,2,49.0,"White, Aaron",PF,Iowa
1554,1976,2015,2,50.0,"Eriksson, Marcus",SG,FC Barcelona
1555,1977,2015,2,51.0,"Harvey, Tyler",PG,Eastern Washington
1556,1978,2015,2,52.0,"Bhamara, Satnam Singh",C,IMG Academy
1557,1979,2015,2,53.0,"Pointer, Sir'Dominic",SF,St. John's
1558,1980,2015,2,54.0,"Díez, Dani",SF,Gipuzkoa Basket
1559,1981,2015,2,55.0,"Lalanne, Cady",PF,Massachusetts
1560,1982,2015,2,56.0,"Dawson, Branden",SF,Michigan State
1561,1983,2015,2,57.0,"Radičević, Nikola",PG,Baloncesto Sevilla
1562,1984,2015,2,58.0,"Tokoto, J. P.",SG/SF,North Carolina
1563,1985,2015,2,59.0,"Agravanis, Dimitrios",PF,Olympiacos
1564,1986,2015,2,60.0,"Mitrović, Luka",PF,Red Star Belgrade
1565,1987,2016,1,1.0,"Simmons, Ben",PF/PG,LSU
1566,1988,2016,1,2.0,"Ingram, Brandon",SF,Duke
1567,1989,2016,1,3.0,"Brown, Jaylen",SF/SG,California
1568,1990,2016,1,4.0,"Bender, Dragan",PF/C,Maccabi FOX Tel Aviv
1569,1991,2016,1,5.0,"Dunn, Kris",PG,Providence
1570,1992,2016,1,6.0,"Hield, Buddy",SG,Oklahoma
1571,1993,2016,1,7.0,"Murray, Jamal",SG/PG,Kentucky
1572,1994,2016,1,8.0,"Chriss, Marquese",PF,Washington
1573,1995,2016,1,9.0,Poeltl,C,Utah
1574,1996,2016,1,10.0,"Maker, Thon",PF,Orangeville Prep
1575,1997,2016,1,11.0,"Sabonis, Domantas",PF/C,Gonzaga
1576,1998,2016,1,12.0,"Prince, Taurean",PF,Baylor
1577,1999,2016,1,13.0,"Papagiannis, Georgios",C,Panathinaikos
1578,2000,2016,1,14.0,"Valentine, Denzel",SG/SF,Michigan State
1579,2001,2016,1,15.0,"Hernangómez, Juan",SF/PF,Movistar Estudiantes
1580,2002,2016,1,16.0,"Yabusele, Guerschon",PF,Rouen Métropole
1581,2003,2016,1,17.0,"Baldwin IV, Wade",PG,Vanderbilt
1582,2004,2016,1,18.0,"Ellenson, Henry",PF,Marquette
1583,2005,2016,1,19.0,"Beasley, Malik",SG,Florida State
1584,2006,2016,1,20.0,"LeVert, Caris",SG,Michigan
1585,2007,2016,1,21.0,"Bembry, DeAndre'",SF,Saint Joseph's
1586,2008,2016,1,22.0,"Richardson, Malachi",SG,Syracuse
1587,2009,2016,1,23.0,"Žižić, Ante",C,KK Cibona
1588,2010,2016,1,24.0,"Luwawu-Cabarrot, Timothé",SG/SF,Mega Leks
1589,2011,2016,1,25.0,"Johnson, Brice",PF,North Carolina
1590,2012,2016,1,26.0,"Korkmaz, Furkan",SG/SF,Anadolu Efes
1591,2013,2016,1,27.0,"Siakam, Pascal",PF,New Mexico State
1592,2014,2016,1,28.0,"Labissière, Skal",PF/C,Kentucky
1593,2015,2016,1,29.0,"Murray, Dejounte",PG/SG,Washington
1594,2016,2016,1,30.0,"Jones, Damian",C,Vanderbilt
1595,2017,2016,2,31.0,"Davis, Deyonta",PF/C,Michigan State
1596,2018,2016,2,32.0,"Zubac, Ivica",C,Mega Leks
1597,2019,2016,2,33.0,"Diallo, Cheick",PF/C,Kansas
1598,2020,2016,2,34.0,"Ulis, Tyler",PG,Kentucky
1599,2021,2016,2,35.0,"Zagorac, Rade",SG/SF,Mega Leks
1600,2022,2016,2,36.0,"Brogdon, Malcolm",PG/SG,Virginia
1601,2023,2016,2,37.0,"Onuaku, Chinanu",PF/C,Louisville
1602,2024,2016,2,38.0,"McCaw, Patrick",SG/SF,UNLV
1603,2025,2016,2,39.0,"Michineau, David",PG,Elan !
1604,2026,2016,2,40.0,"Stone, Diamond",C,Maryland
1605,2027,2016,2,41.0,"Zimmerman, Stephen",PF/C,UNLV
1606,2028,2016,2,42.0,"Whitehead, Isaiah",PG/SG,Seton Hall
1607,2029,2016,2,43.0,"Zhou Qi,",C,Xinjiang Flying Tigers
1608,2030,2016,2,44.0,"Cordinier, Isaia",SG,ASC Denain-Voltaire
1609,2031,2016,2,45.0,"Jackson, Demetrius",PG,Notre Dame
1610,2032,2016,2,46.0,"Hammons, A. J.",C,Purdue
1611,2033,2016,2,47.0,"Layman, Jake",SF,Maryland
1612,2034,2016,2,48.0,"Zipser, Paul",SG/SF,FC Bayern Munich
1613,2035,2016,2,49.0,"Gbinije, Michael",SF,Syracuse
1614,2036,2016,2,50.0,"Niang, Georges",PF,Iowa State
1615,2037,2016,2,51.0,"Bentil, Ben",PF,Providence
1616,2038,2016,2,52.0,"Bolomboy, Joel",PF/C,Weber State
1617,2039,2016,2,53.0,"Cornelie, Petr",PF,Le Mans Sarthe
1618,2040,2016,2,54.0,"Felder, Kay",PG,Oakland
1619,2041,2016,2,55.0,"Paige, Marcus",PG,North Carolina
1620,2042,2016,2,56.0,"Hamilton, Daniel",SG/SF,Connecticut
1621,2043,2016,2,57.0,"Wang Zhelin,",C,Fujian Sturgeons
1622,2044,2016,2,58.0,"Nader, Abdel",SF,Iowa State
1623,2045,2016,2,59.0,"Cousins, Isaiah",PG/SG,Oklahoma
1624,2046,2016,2,60.0,"Wallace, Tyrone",PG,California
1625,2047,2017,1,1.0,"Fultz, Markelle",PG/SG,Washington
1626,2048,2017,1,2.0,"Ball, Lonzo",PG,UCLA
1627,2049,2017,1,3.0,"Tatum, Jayson",SF,Duke
1628,2050,2017,1,4.0,"Jackson, Josh",SF,Kansas
1629,2051,2017,1,5.0,"Fox, De'Aaron",PG,Kentucky
1630,2052,2017,1,6.0,"Isaac, Jonathan",SF/PF,Florida State
1631,2053,2017,1,7.0,"Markkanen, Lauri",PF,Arizona
1632,2054,2017,1,8.0,"Ntilikina, Frank",PG,SIG Strasbourg
1633,2055,2017,1,9.0,"Smith Jr., Dennis",PG,NC State
1634,2056,2017,1,10.0,"Collins, Zach",C/PF,Gonzaga
1635,2057,2017,1,11.0,"Monk, Malik",SG,Kentucky
1636,2058,2017,1,12.0,"Kennard, Luke",SG,Duke
1637,2059,2017,1,13.0,"Mitchell, Donovan",SG,Louisville
1638,2060,2017,1,14.0,"Adebayo, Bam",PF/C,Kentucky
1639,2061,2017,1,15.0,"Jackson, Justin",SF,North Carolina
1640,2062,2017,1,16.0,"Patton, Justin",C,Creighton
1641,2063,2017,1,17.0,"Wilson, D. J.",PF/SF,Michigan
1642,2064,2017,1,18.0,"Leaf, T. J.",PF,UCLA
1643,2065,2017,1,19.0,"Collins, John",PF,Wake Forest
1644,2066,2017,1,20.0,"Giles, Harry",PF/C,Duke
1645,2067,2017,1,21.0,"Ferguson, Terrance",SG,Adelaide 36ers
1646,2068,2017,1,22.0,"Allen, Jarrett",C,Texas
1647,2069,2017,1,23.0,"Anunoby, OG",SF,Indiana
1648,2070,2017,1,24.0,"Lydon, Tyler",PF,Syracuse
1649,2071,2017,1,25.0,"Pasečņiks, Anžejs",C,Herbalife Gran Canaria
1650,2072,2017,1,26.0,"Swanigan, Caleb",PF,Purdue
1651,2073,2017,1,27.0,"Kuzma, Kyle",PF,Utah
1652,2074,2017,1,28.0,"Bradley, Tony",PF/C,North Carolina
1653,2075,2017,1,29.0,"White, Derrick",PG/SG,Colorado
1654,2076,2017,1,30.0,"Hart, Josh",SG,Villanova
1655,2077,2017,2,31.0,"Jackson, Frank",PG,Duke
1656,2078,2017,2,32.0,"Reed, Davon",SG,Miami
1657,2079,2017,2,33.0,"Iwundu, Wes",SF,Kansas State
1658,2080,2017,2,34.0,"Mason III, Frank",PG,Kansas
1659,2081,2017,2,35.0,"Rabb, Ivan",PF,California
1660,2082,2017,2,36.0,"Bolden, Jonah",PF,FMP Beograd
1661,2083,2017,2,37.0,"Ojeleye, Semi",SF/PF,SMU
1662,2084,2017,2,38.0,"Bell, Jordan",PF,Oregon
1663,2085,2017,2,39.0,"Evans, Jawun",PG,Oklahoma State
1664,2086,2017,2,40.0,"Bacon, Dwayne",SG,Florida State
1665,2087,2017,2,41.0,"Dorsey, Tyler",SG,Oregon
1666,2088,2017,2,42.0,"Bryant, Thomas",PF,Indiana
1667,2089,2017,2,43.0,"Hartenstein, Isaiah",PF/C,Žalgiris Kaunas
1668,2090,2017,2,44.0,"Dotson, Damyean",SG,Houston
1669,2091,2017,2,45.0,"Brooks, Dillon",SF,Oregon
1670,2092,2017,2,46.0,"Brown, Sterling",SG,SMU
1671,2093,2017,2,47.0,"Anigbogu, Ike",C,UCLA
1672,2094,2017,2,48.0,"Thornwell, Sindarius",SG,South Carolina
1673,2095,2017,2,49.0,"Čančar, Vlatko",SF,Mega Leks
1674,2096,2017,2,50.0,"Lessort, Mathias",PF/C,Nanterre 92
1675,2097,2017,2,51.0,"Morris, Monté",PG,Iowa State
1676,2098,2017,2,52.0,"Sumner, Edmond",PG,Xavier
1677,2099,2017,2,53.0,"Allen, Kadeem",SG,Arizona
1678,2100,2017,2,54.0,"Peters, Alec",SF,Valparaiso
1679,2101,2017,2,55.0,"Williams-Goss, Nigel",PG,Gonzaga
1680,2102,2017,2,56.0,"Bird, Jabari",SG,California
1681,2103,2017,2,57.0,"Vezenkov, Sasha",PF,FC Barcelona Lassa
1682,2104,2017,2,58.0,"Jaramaz, Ognjen",PG,Mega Leks
1683,2105,2017,2,59.0,"Blossomgame, Jaron",SF,Clemson
1684,2106,2017,2,60.0,"Kaba, Alpha",PF/C,Mega Leks
1685,2107,2018,1,1.0,DeAndre Ayton,C,Arizona
1686,2108,2018,1,2.0,Jaren Jackson Jr.,PF,Michigan St.
1687,2109,2018,1,3.0,Michael Porter,SF,Missouri
1688,2110,2018,1,4.0,Marvin Bagley,PF,Duke
1689,2111,2018,1,5.0,Luka Doncic,SG/SF,Slovenia
1690,2112,2018,1,6.0,Wendell Carter,PF/C,Duke
1691,2113,2018,1,7.0,Trae Young,PG,Oklahoma
1692,2114,2018,1,8.0,Mohamed Bamba,C,Texas
1693,2115,2018,1,9.0,Collin Sexton,PG,Alabama
1694,2116,2018,1,10.0,Kevin Knox,SF/PF,Kentucky
1695,2117,2018,1,11.0,Mikal Bridges,SG/SF,Villanova
1696,2118,2018,1,12.0,Miles Bridges,SF/PF,Michigan St.
1697,2119,2018,1,13.0,Shai Gilgeous-Al...,PG,Kentucky
1698,2120,2018,1,14.0,Robert Williams,PF/C,Texas A&M
1699,2121,2018,1,15.0,Gary Trent Jr.,SG,Duke
1700,2122,2018,1,16.0,Lonnie Walker,SG,Miami
1701,2123,2018,1,17.0,Dzanan Musa,SF,Bosnia & Herz
1702,2124,2018,1,18.0,Hamidou Diallo,SG,Kentucky
1703,2125,2018,1,19.0,Khyri Thomas,PG/SG,Creighton
1704,2126,2018,1,20.0,Mitchell Robinson,C,USA
1705,2127,2018,1,21.0,Trevon Duval,PG,Duke
1706,2128,2018,1,22.0,Grayson Allen,SG,Duke
1707,2129,2018,1,23.0,Chimezie Metu,PF/C,USC
1708,2130,2018,1,24.0,Landry Shamet,PG/SG,Wichita State
1709,2131,2018,1,25.0,Brandon McCoy,C,UNLV
1710,2132,2018,1,26.0,Troy Brown,PG/SG,Oregon
1711,2133,2018,1,27.0,Omer Yurtseven,C,NC State
1712,2134,2018,1,28.0,Austin Wiley,C,Auburn
1713,2135,2018,1,29.0,Tony Carr,PG,Penn State
1714,2136,2018,1,30.0,Moritz Wagner,PF,Michigan
1715,2137,2018,2,31.0,Rodions Kurucs,SF,Latvia
1716,2138,2018,2,32.0,Bruce Brown,SG,Miami
1717,2139,2018,2,33.0,Kerwin Roach,PG/SG,Texas
1718,2140,2018,2,34.0,Isaac Bonga,SF,Germany
1719,2141,2018,2,35.0,Robert Franks,SF/PF,Washington State
1720,2142,2018,2,36.0,Chandler Hutchison,SG/SF,Boise State
1721,2143,2018,2,37.0,Kenrich Williams,SF,TCU
1722,2144,2018,2,38.0,Keita Bates-Diop,SF,Ohio State
1723,2145,2018,2,39.0,Alize Johnson,PF,Missouri State
1724,2146,2018,2,40.0,Aaron Holiday,PG,UCLA
1725,2147,2018,2,41.0,Sviatoslav Mykha,SG,Kansas
1726,2148,2018,2,42.0,Jaylen Adams,PG/SG,St. Bonaventure
1727,2149,2018,2,43.0,Kevin Hervey,SF,Texas Arlington
1728,2150,2018,2,44.0,Allonzo Trier,SG,Arizona
1729,2151,2018,2,45.0,Keenan Evans,PG/SG,Texas Tech
1730,2152,2018,2,46.0,Shake Milton,PG/SG,SMU
1731,2153,2018,2,47.0,Goga Bitadze,C,Rep. of Georgia
1732,2154,2018,2,48.0,Jalen Brunson,PG,Villanova
1733,2155,2018,2,49.0,Thomas Wilder,PG,Western Michigan
1734,2156,2018,2,50.0,Rawle Alkins,SG,Arizona
1735,2157,2018,2,51.0,Jalen Hudson,SG,Florida
1736,2158,2018,2,52.0,Devonte Graham,PG,Kansas
1737,2159,2018,2,53.0,Arnoldas Kulboka,SF,Lithuania
1738,2160,2018,2,54.0,Melvin Frazier,SG/SF,Tulane
1739,2161,2018,2,55.0,Joel Berry,PG,North Carolina
1740,2162,2018,2,56.0,Jacob Evans,SF,Cincinnati
1741,2163,2018,2,57.0,Jevon Carter,PG,West Virginia
1742,2164,2018,2,58.0,Borisa Simanic,SF/PF,Serbia
1743,2165,2018,2,59.0,Bonzie Colson,SF/PF,Notre Dame
1744,2166,2018,2,60.0,Kendall Stephens,SG/SF,Nevada
