,name,number_in_team,team,headshot_src
0,"Adams, Jaylen",10,Hawks,http://ak-static.cms.nba.com/wp-content/uploads/headshots/nba/latest/260x190/1629121.png
1,"Adams, Steven",12,Thunder,http://ak-static.cms.nba.com/wp-content/uploads/headshots/nba/latest/260x190/203500.png
2,"Adebayo, Bam",13,Heat,http://ak-static.cms.nba.com/wp-content/uploads/headshots/nba/latest/260x190/1628389.png
3,"Adel, Deng",32,Cavaliers,http://ak-static.cms.nba.com/wp-content/uploads/headshots/nba/latest/260x190/1629061.png
4,"Aldridge, LaMarcus",12,Spurs,http://ak-static.cms.nba.com/wp-content/uploads/headshots/nba/latest/260x190/200746.png
5,"Alkins, Rawle",20,Bulls,http://ak-static.cms.nba.com/wp-content/uploads/headshots/nba/latest/260x190/1628959.png
6,"Allen, Grayson",24,Jazz,http://ak-static.cms.nba.com/wp-content/uploads/headshots/nba/latest/260x190/1628960.png
7,"Allen, Jarrett",31,Nets,http://ak-static.cms.nba.com/wp-content/uploads/headshots/nba/latest/260x190/1628386.png
8,"Allen, Kadeem",0,Knicks,http://ak-static.cms.nba.com/wp-content/uploads/headshots/nba/latest/260x190/1628443.png
9,"Aminu, Al-Farouq",8,Trail Blazers,http://ak-static.cms.nba.com/wp-content/uploads/headshots/nba/latest/260x190/202329.png
10,"Anderson, Justin",1,Hawks,http://ak-static.cms.nba.com/wp-content/uploads/headshots/nba/latest/260x190/1626147.png
11,"Anderson, Kyle",1,Grizzlies,http://ak-static.cms.nba.com/wp-content/uploads/headshots/nba/latest/260x190/203937.png
12,"Anderson, Ryan",31,Heat,http://ak-static.cms.nba.com/wp-content/uploads/headshots/nba/latest/260x190/201583.png
13,"Antetokounmpo, Giannis",34,Bucks,http://ak-static.cms.nba.com/wp-content/uploads/headshots/nba/latest/260x190/203507.png
14,"Antetokounmpo, Kostas",37,Mavericks,http://ak-static.cms.nba.com/wp-content/uploads/headshots/nba/latest/260x190/1628961.png
15,"Anunoby, OG",3,Raptors,http://ak-static.cms.nba.com/wp-content/uploads/headshots/nba/latest/260x190/1628384.png
16,"Arcidiacono, Ryan",51,Bulls,http://ak-static.cms.nba.com/wp-content/uploads/headshots/nba/latest/260x190/1627853.png
17,"Ariza, Trevor",1,Wizards,http://ak-static.cms.nba.com/wp-content/uploads/headshots/nba/latest/260x190/2772.png
18,"Augustin, D.J.",14,Magic,http://ak-static.cms.nba.com/wp-content/uploads/headshots/nba/latest/260x190/201571.png
19,"Ayton, Deandre",22,Suns,http://ak-static.cms.nba.com/wp-content/uploads/headshots/nba/latest/260x190/1629028.png
20,"Bacon, Dwayne",7,Hornets,http://ak-static.cms.nba.com/wp-content/uploads/headshots/nba/latest/260x190/1628407.png
21,"Bagley III, Marvin",35,Kings,http://ak-static.cms.nba.com/wp-content/uploads/headshots/nba/latest/260x190/1628963.png
22,"Ball, Lonzo",2,Lakers,http://ak-static.cms.nba.com/wp-content/uploads/headshots/nba/latest/260x190/1628366.png
23,"Bamba, Mo",5,Magic,http://ak-static.cms.nba.com/wp-content/uploads/headshots/nba/latest/260x190/1628964.png
24,"Barea, J.J.",5,Mavericks,http://ak-static.cms.nba.com/wp-content/uploads/headshots/nba/latest/260x190/200826.png
25,"Barnes, Harrison",40,Kings,http://ak-static.cms.nba.com/wp-content/uploads/headshots/nba/latest/260x190/203084.png
26,"Barton, Will",5,Nuggets,http://ak-static.cms.nba.com/wp-content/uploads/headshots/nba/latest/260x190/203115.png
27,"Bates-Diop, Keita",31,Timberwolves,http://ak-static.cms.nba.com/wp-content/uploads/headshots/nba/latest/260x190/1628966.png
28,"Batum, Nicolas",5,Hornets,http://ak-static.cms.nba.com/wp-content/uploads/headshots/nba/latest/260x190/201587.png
29,"Bayless, Jerryd",8,Timberwolves,http://ak-static.cms.nba.com/wp-content/uploads/headshots/nba/latest/260x190/201573.png
30,"Baynes, Aron",46,Celtics,http://ak-static.cms.nba.com/wp-content/uploads/headshots/nba/latest/260x190/203382.png
31,"Bazemore, Kent",24,Hawks,http://ak-static.cms.nba.com/wp-content/uploads/headshots/nba/latest/260x190/203145.png
32,"Beal, Bradley",3,Wizards,http://ak-static.cms.nba.com/wp-content/uploads/headshots/nba/latest/260x190/203078.png
33,"Beasley, Malik",25,Nuggets,http://ak-static.cms.nba.com/wp-content/uploads/headshots/nba/latest/260x190/1627736.png
34,"Belinelli, Marco",18,Spurs,http://ak-static.cms.nba.com/wp-content/uploads/headshots/nba/latest/260x190/201158.png
35,"Bell, Jordan",2,Warriors,http://ak-static.cms.nba.com/wp-content/uploads/headshots/nba/latest/260x190/1628395.png
36,"Bembry, DeAndre'",95,Hawks,http://ak-static.cms.nba.com/wp-content/uploads/headshots/nba/latest/260x190/1627761.png
37,"Bender, Dragan",35,Suns,http://ak-static.cms.nba.com/wp-content/uploads/headshots/nba/latest/260x190/1627733.png
38,"Bertans, Davis",42,Spurs,http://ak-static.cms.nba.com/wp-content/uploads/headshots/nba/latest/260x190/202722.png
39,"Beverley, Patrick",21,Clippers,http://ak-static.cms.nba.com/wp-content/uploads/headshots/nba/latest/260x190/201976.png
40,"Birch, Khem",24,Magic,http://ak-static.cms.nba.com/wp-content/uploads/headshots/nba/latest/260x190/203920.png
41,"Biyombo, Bismack",8,Hornets,http://ak-static.cms.nba.com/wp-content/uploads/headshots/nba/latest/260x190/202687.png
42,"Bjelica, Nemanja",88,Kings,http://ak-static.cms.nba.com/wp-content/uploads/headshots/nba/latest/260x190/202357.png
43,"Blakeney, Antonio",9,Bulls,http://ak-static.cms.nba.com/wp-content/uploads/headshots/nba/latest/260x190/1628469.png
44,"Bledsoe, Eric",6,Bucks,http://ak-static.cms.nba.com/wp-content/uploads/headshots/nba/latest/260x190/202339.png
45,"Blossomgame, Jaron",4,Cavaliers,http://ak-static.cms.nba.com/wp-content/uploads/headshots/nba/latest/260x190/1628417.png
46,"Bluiett, Trevon",5,Pelicans,http://ak-static.cms.nba.com/wp-content/uploads/headshots/nba/latest/260x190/1629129.png
47,"Bogdanovic, Bogdan",8,Kings,http://ak-static.cms.nba.com/wp-content/uploads/headshots/nba/latest/260x190/203992.png
48,"Bogdanovic, Bojan",44,Pacers,http://ak-static.cms.nba.com/wp-content/uploads/headshots/nba/latest/260x190/202711.png
49,"Bolden, Jonah",43,76ers,http://ak-static.cms.nba.com/wp-content/uploads/headshots/nba/latest/260x190/1628413.png
50,"Bonga, Isaac",17,Lakers,http://ak-static.cms.nba.com/wp-content/uploads/headshots/nba/latest/260x190/1629067.png
51,"Booker, Devin",1,Suns,http://ak-static.cms.nba.com/wp-content/uploads/headshots/nba/latest/260x190/1626164.png
52,"Boucher, Chris",25,Raptors,http://ak-static.cms.nba.com/wp-content/uploads/headshots/nba/latest/260x190/1628449.png
53,"Bradley, Avery",0,Grizzlies,http://ak-static.cms.nba.com/wp-content/uploads/headshots/nba/latest/260x190/202340.png
54,"Bradley, Tony",13,Jazz,http://ak-static.cms.nba.com/wp-content/uploads/headshots/nba/latest/260x190/1628396.png
55,"Brewer, Corey",33,Kings,http://ak-static.cms.nba.com/wp-content/uploads/headshots/nba/latest/260x190/201147.png
56,"Bridges, Mikal",25,Suns,http://ak-static.cms.nba.com/wp-content/uploads/headshots/nba/latest/260x190/1628969.png
57,"Bridges, Miles",0,Hornets,http://ak-static.cms.nba.com/wp-content/uploads/headshots/nba/latest/260x190/1628970.png
58,"Briscoe, Isaiah",13,Magic,http://ak-static.cms.nba.com/wp-content/uploads/headshots/nba/latest/260x190/1628515.png
59,"Broekhoff, Ryan",45,Mavericks,http://ak-static.cms.nba.com/wp-content/uploads/headshots/nba/latest/260x190/1629151.png
60,"Brogdon, Malcolm",13,Bucks,http://ak-static.cms.nba.com/wp-content/uploads/headshots/nba/latest/260x190/1627763.png
61,"Brooks, Dillon",24,Grizzlies,http://ak-static.cms.nba.com/wp-content/uploads/headshots/nba/latest/260x190/1628415.png
62,"Brown Jr., Troy",6,Wizards,http://ak-static.cms.nba.com/wp-content/uploads/headshots/nba/latest/260x190/1628972.png
63,"Brown, Bruce",6,Pistons,http://ak-static.cms.nba.com/wp-content/uploads/headshots/nba/latest/260x190/1628971.png
64,"Brown, Jaylen",7,Celtics,http://ak-static.cms.nba.com/wp-content/uploads/headshots/nba/latest/260x190/1627759.png
65,"Brown, Sterling",23,Bucks,http://ak-static.cms.nba.com/wp-content/uploads/headshots/nba/latest/260x190/1628425.png
66,"Brunson, Jalen",13,Mavericks,http://ak-static.cms.nba.com/wp-content/uploads/headshots/nba/latest/260x190/1628973.png
67,"Bryant, Thomas",13,Wizards,http://ak-static.cms.nba.com/wp-content/uploads/headshots/nba/latest/260x190/1628418.png
68,"Bullock, Reggie",35,Lakers,http://ak-static.cms.nba.com/wp-content/uploads/headshots/nba/latest/260x190/203493.png
69,"Burke, Trey",23,Mavericks,http://ak-static.cms.nba.com/wp-content/uploads/headshots/nba/latest/260x190/203504.png
70,"Burks, Alec",13,Kings,http://ak-static.cms.nba.com/wp-content/uploads/headshots/nba/latest/260x190/202692.png
71,"Burton, Deonte",30,Thunder,http://ak-static.cms.nba.com/wp-content/uploads/headshots/nba/latest/260x190/1629126.png
72,"Butler, Jimmy",23,76ers,http://ak-static.cms.nba.com/wp-content/uploads/headshots/nba/latest/260x190/202710.png
73,"Caboclo, Bruno",5,Grizzlies,http://ak-static.cms.nba.com/wp-content/uploads/headshots/nba/latest/260x190/203998.png
74,"Calderon, Jose",81,Pistons,http://ak-static.cms.nba.com/wp-content/uploads/headshots/nba/latest/260x190/101181.png
75,"Caldwell-Pope, Kentavious",1,Lakers,http://ak-static.cms.nba.com/wp-content/uploads/headshots/nba/latest/260x190/203484.png
76,"Canaan, Isaiah",7,Timberwolves,http://ak-static.cms.nba.com/wp-content/uploads/headshots/nba/latest/260x190/203477.png
77,"Capela, Clint",15,Rockets,http://ak-static.cms.nba.com/wp-content/uploads/headshots/nba/latest/260x190/203991.png
78,"Carroll, DeMarre",9,Nets,http://ak-static.cms.nba.com/wp-content/uploads/headshots/nba/latest/260x190/201960.png
79,"Carter Jr., Wendell",34,Bulls,http://ak-static.cms.nba.com/wp-content/uploads/headshots/nba/latest/260x190/1628976.png
80,"Carter, Jevon",3,Grizzlies,http://ak-static.cms.nba.com/wp-content/uploads/headshots/nba/latest/260x190/1628975.png
81,"Carter, Vince",15,Hawks,http://ak-static.cms.nba.com/wp-content/uploads/headshots/nba/latest/260x190/1713.png
82,"Caruso, Alex",4,Lakers,http://ak-static.cms.nba.com/wp-content/uploads/headshots/nba/latest/260x190/1627936.png
83,"Cauley-Stein, Willie",00,Kings,http://ak-static.cms.nba.com/wp-content/uploads/headshots/nba/latest/260x190/1626161.png
84,"Caupain, Troy",3,Magic,http://ak-static.cms.nba.com/wp-content/uploads/headshots/nba/latest/260x190/1628505.png
85,"Cavanaugh, Tyler",34,Jazz,http://ak-static.cms.nba.com/wp-content/uploads/headshots/nba/latest/260x190/1628463.png
86,"Chandler, Tyson",5,Lakers,http://ak-static.cms.nba.com/wp-content/uploads/headshots/nba/latest/260x190/2199.png
87,"Chandler, Wilson",22,Clippers,http://ak-static.cms.nba.com/wp-content/uploads/headshots/nba/latest/260x190/201163.png
88,"Chealey, Joe",31,Hornets,http://ak-static.cms.nba.com/wp-content/uploads/headshots/nba/latest/260x190/1629147.png
89,"Chiozza, Chris",2,Rockets,http://ak-static.cms.nba.com/wp-content/uploads/headshots/nba/latest/260x190/1629185.png
90,"Chriss, Marquese",3,Cavaliers,http://ak-static.cms.nba.com/wp-content/uploads/headshots/nba/latest/260x190/1627737.png
91,"Clark, Gary",6,Rockets,http://ak-static.cms.nba.com/wp-content/uploads/headshots/nba/latest/260x190/1629109.png
92,"Clark, Ian",2,Pelicans,http://ak-static.cms.nba.com/wp-content/uploads/headshots/nba/latest/260x190/203546.png
93,"Clarkson, Jordan",8,Cavaliers,http://ak-static.cms.nba.com/wp-content/uploads/headshots/nba/latest/260x190/203903.png
94,"Collins, John",20,Hawks,http://ak-static.cms.nba.com/wp-content/uploads/headshots/nba/latest/260x190/1628381.png
95,"Collins, Zach",33,Trail Blazers,http://ak-static.cms.nba.com/wp-content/uploads/headshots/nba/latest/260x190/1628380.png
96,"Collison, Darren",2,Pacers,http://ak-static.cms.nba.com/wp-content/uploads/headshots/nba/latest/260x190/201954.png
97,"Colson, Bonzie",50,Bucks,http://ak-static.cms.nba.com/wp-content/uploads/headshots/nba/latest/260x190/1629045.png
98,"Conley, Mike",11,Grizzlies,http://ak-static.cms.nba.com/wp-content/uploads/headshots/nba/latest/260x190/201144.png
99,"Connaughton, Pat",24,Bucks,http://ak-static.cms.nba.com/wp-content/uploads/headshots/nba/latest/260x190/1626192.png
100,"Cook, Quinn",4,Warriors,http://ak-static.cms.nba.com/wp-content/uploads/headshots/nba/latest/260x190/1626188.png
101,"Cousins, DeMarcus",0,Warriors,http://ak-static.cms.nba.com/wp-content/uploads/headshots/nba/latest/260x190/202326.png
102,"Covington, Robert",33,Timberwolves,http://ak-static.cms.nba.com/wp-content/uploads/headshots/nba/latest/260x190/203496.png
103,"Crabbe, Allen",33,Nets,http://ak-static.cms.nba.com/wp-content/uploads/headshots/nba/latest/260x190/203459.png
104,"Craig, Torrey",3,Nuggets,http://ak-static.cms.nba.com/wp-content/uploads/headshots/nba/latest/260x190/1628470.png
105,"Crawford, Jamal",11,Suns,http://ak-static.cms.nba.com/wp-content/uploads/headshots/nba/latest/260x190/2037.png
106,"Crowder, Jae",99,Jazz,http://ak-static.cms.nba.com/wp-content/uploads/headshots/nba/latest/260x190/203109.png
107,"Cunningham, Dante",33,Spurs,http://ak-static.cms.nba.com/wp-content/uploads/headshots/nba/latest/260x190/201967.png
108,"Curry, Seth",31,Trail Blazers,http://ak-static.cms.nba.com/wp-content/uploads/headshots/nba/latest/260x190/203552.png
109,"Curry, Stephen",30,Warriors,http://ak-static.cms.nba.com/wp-content/uploads/headshots/nba/latest/260x190/201939.png
110,"Daniels, Troy",30,Suns,http://ak-static.cms.nba.com/wp-content/uploads/headshots/nba/latest/260x190/203584.png
111,"Davis, Anthony",23,Pelicans,http://ak-static.cms.nba.com/wp-content/uploads/headshots/nba/latest/260x190/203076.png
112,"Davis, Ed",17,Nets,http://ak-static.cms.nba.com/wp-content/uploads/headshots/nba/latest/260x190/202334.png
113,"Dedmon, Dewayne",14,Hawks,http://ak-static.cms.nba.com/wp-content/uploads/headshots/nba/latest/260x190/203473.png
114,"Dekker, Sam",8,Wizards,http://ak-static.cms.nba.com/wp-content/uploads/headshots/nba/latest/260x190/1626155.png
115,"Delgado, Angel",31,Clippers,http://ak-static.cms.nba.com/wp-content/uploads/headshots/nba/latest/260x190/1629116.png
116,"Dellavedova, Matthew",18,Cavaliers,http://ak-static.cms.nba.com/wp-content/uploads/headshots/nba/latest/260x190/203521.png
117,"Deng, Luol",9,Timberwolves,http://ak-static.cms.nba.com/wp-content/uploads/headshots/nba/latest/260x190/2736.png
118,"DeRozan, DeMar",10,Spurs,http://ak-static.cms.nba.com/wp-content/uploads/headshots/nba/latest/260x190/201942.png
119,"Derrickson, Marcus",32,Warriors,http://ak-static.cms.nba.com/wp-content/uploads/headshots/nba/latest/260x190/1629094.png
120,"Diallo, Cheick",13,Pelicans,http://ak-static.cms.nba.com/wp-content/uploads/headshots/nba/latest/260x190/1627767.png
121,"Diallo, Hamidou",6,Thunder,http://ak-static.cms.nba.com/wp-content/uploads/headshots/nba/latest/260x190/1628977.png
122,"Dieng, Gorgui",5,Timberwolves,http://ak-static.cms.nba.com/wp-content/uploads/headshots/nba/latest/260x190/203476.png
123,"Dinwiddie, Spencer",8,Nets,http://ak-static.cms.nba.com/wp-content/uploads/headshots/nba/latest/260x190/203915.png
124,"DiVincenzo, Donte",9,Bucks,http://ak-static.cms.nba.com/wp-content/uploads/headshots/nba/latest/260x190/1628978.png
125,"Doncic, Luka",77,Mavericks,http://ak-static.cms.nba.com/wp-content/uploads/headshots/nba/latest/260x190/1629029.png
126,"Dorsey, Tyler",22,Grizzlies,http://ak-static.cms.nba.com/wp-content/uploads/headshots/nba/latest/260x190/1628416.png
127,"Dotson, Damyean",21,Knicks,http://ak-static.cms.nba.com/wp-content/uploads/headshots/nba/latest/260x190/1628422.png
128,"Dozier, PJ",50,Celtics,http://ak-static.cms.nba.com/wp-content/uploads/headshots/nba/latest/260x190/1628408.png
129,"Dragic, Goran",7,Heat,http://ak-static.cms.nba.com/wp-content/uploads/headshots/nba/latest/260x190/201609.png
130,"Drummond, Andre",0,Pistons,http://ak-static.cms.nba.com/wp-content/uploads/headshots/nba/latest/260x190/203083.png
131,"Dudley, Jared",6,Nets,http://ak-static.cms.nba.com/wp-content/uploads/headshots/nba/latest/260x190/201162.png
132,"Dunn, Kris",32,Bulls,http://ak-static.cms.nba.com/wp-content/uploads/headshots/nba/latest/260x190/1627739.png
133,"Durant, Kevin",35,Warriors,http://ak-static.cms.nba.com/wp-content/uploads/headshots/nba/latest/260x190/201142.png
134,"Duval, Trevon",0,Bucks,http://ak-static.cms.nba.com/wp-content/uploads/headshots/nba/latest/260x190/1628979.png
135,"Edwards, Vincent",12,Rockets,http://ak-static.cms.nba.com/wp-content/uploads/headshots/nba/latest/260x190/1629053.png
136,"Ellenson, Henry",13,Knicks,http://ak-static.cms.nba.com/wp-content/uploads/headshots/nba/latest/260x190/1627740.png
137,"Ellington, Wayne",20,Pistons,http://ak-static.cms.nba.com/wp-content/uploads/headshots/nba/latest/260x190/201961.png
138,"Embiid, Joel",21,76ers,http://ak-static.cms.nba.com/wp-content/uploads/headshots/nba/latest/260x190/203954.png
139,"Ennis III, James",11,76ers,http://ak-static.cms.nba.com/wp-content/uploads/headshots/nba/latest/260x190/203516.png
140,"Eubanks, Drew",14,Spurs,http://ak-static.cms.nba.com/wp-content/uploads/headshots/nba/latest/260x190/1629234.png
141,"Evans, Jacob",10,Warriors,http://ak-static.cms.nba.com/wp-content/uploads/headshots/nba/latest/260x190/1628980.png
142,"Evans, Jawun",0,Suns,http://ak-static.cms.nba.com/wp-content/uploads/headshots/nba/latest/260x190/1628393.png
143,"Evans, Tyreke",12,Pacers,http://ak-static.cms.nba.com/wp-content/uploads/headshots/nba/latest/260x190/201936.png
144,"Exum, Dante",11,Jazz,http://ak-static.cms.nba.com/wp-content/uploads/headshots/nba/latest/260x190/203957.png
145,"Faried, Kenneth",35,Rockets,http://ak-static.cms.nba.com/wp-content/uploads/headshots/nba/latest/260x190/202702.png
146,"Favors, Derrick",15,Jazz,http://ak-static.cms.nba.com/wp-content/uploads/headshots/nba/latest/260x190/202324.png
147,"Felicio, Cristiano",6,Bulls,http://ak-static.cms.nba.com/wp-content/uploads/headshots/nba/latest/260x190/1626245.png
148,"Felton, Raymond",2,Thunder,http://ak-static.cms.nba.com/wp-content/uploads/headshots/nba/latest/260x190/101109.png
149,"Ferguson, Terrance",23,Thunder,http://ak-static.cms.nba.com/wp-content/uploads/headshots/nba/latest/260x190/1628390.png
150,"Ferrell, Yogi",3,Kings,http://ak-static.cms.nba.com/wp-content/uploads/headshots/nba/latest/260x190/1627812.png
151,"Finney-Smith, Dorian",10,Mavericks,http://ak-static.cms.nba.com/wp-content/uploads/headshots/nba/latest/260x190/1627827.png
152,"Forbes, Bryn",11,Spurs,http://ak-static.cms.nba.com/wp-content/uploads/headshots/nba/latest/260x190/1627854.png
153,"Fournier, Evan",10,Magic,http://ak-static.cms.nba.com/wp-content/uploads/headshots/nba/latest/260x190/203095.png
154,"Fox, De'Aaron",5,Kings,http://ak-static.cms.nba.com/wp-content/uploads/headshots/nba/latest/260x190/1628368.png
155,"Frazier Jr., Melvin",35,Magic,http://ak-static.cms.nba.com/wp-content/uploads/headshots/nba/latest/260x190/1628982.png
156,"Frazier, Tim",10,Pelicans,http://ak-static.cms.nba.com/wp-content/uploads/headshots/nba/latest/260x190/204025.png
157,"Frye, Channing",9,Cavaliers,http://ak-static.cms.nba.com/wp-content/uploads/headshots/nba/latest/260x190/101112.png
158,"Fultz, Markelle",20,Magic,http://ak-static.cms.nba.com/wp-content/uploads/headshots/nba/latest/260x190/1628365.png
159,"Gabriel, Wenyen",32,Kings,http://ak-static.cms.nba.com/wp-content/uploads/headshots/nba/latest/260x190/1629117.png
160,"Gallinari, Danilo",8,Clippers,http://ak-static.cms.nba.com/wp-content/uploads/headshots/nba/latest/260x190/201568.png
161,"Galloway, Langston",9,Pistons,http://ak-static.cms.nba.com/wp-content/uploads/headshots/nba/latest/260x190/204038.png
162,"Gasol, Marc",33,Raptors,http://ak-static.cms.nba.com/wp-content/uploads/headshots/nba/latest/260x190/201188.png
163,"Gasol, Pau",16,Spurs,http://ak-static.cms.nba.com/wp-content/uploads/headshots/nba/latest/260x190/2200.png
164,"Gay, Rudy",22,Spurs,http://ak-static.cms.nba.com/wp-content/uploads/headshots/nba/latest/260x190/200752.png
165,"George, Paul",13,Thunder,http://ak-static.cms.nba.com/wp-content/uploads/headshots/nba/latest/260x190/202331.png
166,"Gibson, Taj",67,Timberwolves,http://ak-static.cms.nba.com/wp-content/uploads/headshots/nba/latest/260x190/201959.png
167,"Giles III, Harry",20,Kings,http://ak-static.cms.nba.com/wp-content/uploads/headshots/nba/latest/260x190/1628385.png
168,"Gilgeous-Alexander, Shai",2,Clippers,http://ak-static.cms.nba.com/wp-content/uploads/headshots/nba/latest/260x190/1628983.png
169,"Gobert, Rudy",27,Jazz,http://ak-static.cms.nba.com/wp-content/uploads/headshots/nba/latest/260x190/203497.png
170,"Goodwin, Brandon",6,Nuggets,http://ak-static.cms.nba.com/wp-content/uploads/headshots/nba/latest/260x190/1629164.png
171,"Gordon, Aaron",00,Magic,http://ak-static.cms.nba.com/wp-content/uploads/headshots/nba/latest/260x190/203932.png
172,"Gordon, Eric",10,Rockets,http://ak-static.cms.nba.com/wp-content/uploads/headshots/nba/latest/260x190/201569.png
173,"Graham, Devonte'",4,Hornets,http://ak-static.cms.nba.com/wp-content/uploads/headshots/nba/latest/260x190/1628984.png
174,"Graham, Treveon",21,Nets,http://ak-static.cms.nba.com/wp-content/uploads/headshots/nba/latest/260x190/1626203.png
175,"Grantham, Donte",15,Thunder,http://ak-static.cms.nba.com/wp-content/uploads/headshots/nba/latest/260x190/1629055.png
176,"Grant, Jerami",9,Thunder,http://ak-static.cms.nba.com/wp-content/uploads/headshots/nba/latest/260x190/203924.png
177,"Grant, Jerian",22,Magic,http://ak-static.cms.nba.com/wp-content/uploads/headshots/nba/latest/260x190/1626170.png
178,"Green, Danny",14,Raptors,http://ak-static.cms.nba.com/wp-content/uploads/headshots/nba/latest/260x190/201980.png
179,"Green, Draymond",23,Warriors,http://ak-static.cms.nba.com/wp-content/uploads/headshots/nba/latest/260x190/203110.png
180,"Green, Gerald",14,Rockets,http://ak-static.cms.nba.com/wp-content/uploads/headshots/nba/latest/260x190/101123.png
181,"Green, JaMychal",4,Clippers,http://ak-static.cms.nba.com/wp-content/uploads/headshots/nba/latest/260x190/203210.png
182,"Green, Jeff",32,Wizards,http://ak-static.cms.nba.com/wp-content/uploads/headshots/nba/latest/260x190/201145.png
183,"Griffin, Blake",23,Pistons,http://ak-static.cms.nba.com/wp-content/uploads/headshots/nba/latest/260x190/201933.png
184,"Hardaway Jr., Tim",11,Mavericks,http://ak-static.cms.nba.com/wp-content/uploads/headshots/nba/latest/260x190/203501.png
185,"Harden, James",13,Rockets,http://ak-static.cms.nba.com/wp-content/uploads/headshots/nba/latest/260x190/201935.png
186,"Harkless, Maurice",4,Trail Blazers,http://ak-static.cms.nba.com/wp-content/uploads/headshots/nba/latest/260x190/203090.png
187,"Harrell, Montrezl",5,Clippers,http://ak-static.cms.nba.com/wp-content/uploads/headshots/nba/latest/260x190/1626149.png
188,"Harris, Devin",34,Mavericks,http://ak-static.cms.nba.com/wp-content/uploads/headshots/nba/latest/260x190/2734.png
189,"Harris, Gary",14,Nuggets,http://ak-static.cms.nba.com/wp-content/uploads/headshots/nba/latest/260x190/203914.png
190,"Harris, Joe",12,Nets,http://ak-static.cms.nba.com/wp-content/uploads/headshots/nba/latest/260x190/203925.png
191,"Harrison, Shaquille",3,Bulls,http://ak-static.cms.nba.com/wp-content/uploads/headshots/nba/latest/260x190/1627885.png
192,"Harris, Tobias",33,76ers,http://ak-static.cms.nba.com/wp-content/uploads/headshots/nba/latest/260x190/202699.png
193,"Hartenstein, Isaiah",55,Rockets,http://ak-static.cms.nba.com/wp-content/uploads/headshots/nba/latest/260x190/1628392.png
194,"Hart, Josh",3,Lakers,http://ak-static.cms.nba.com/wp-content/uploads/headshots/nba/latest/260x190/1628404.png
195,"Haslem, Udonis",40,Heat,http://ak-static.cms.nba.com/wp-content/uploads/headshots/nba/latest/260x190/2617.png
196,"Hayward, Gordon",20,Celtics,http://ak-static.cms.nba.com/wp-content/uploads/headshots/nba/latest/260x190/202330.png
197,"Henson, John",31,Cavaliers,http://ak-static.cms.nba.com/wp-content/uploads/headshots/nba/latest/260x190/203089.png
198,"Hernangomez, Juancho",41,Nuggets,http://ak-static.cms.nba.com/wp-content/uploads/headshots/nba/latest/260x190/1627823.png
199,"Hernangomez, Willy",41,Hornets,http://ak-static.cms.nba.com/wp-content/uploads/headshots/nba/latest/260x190/1626195.png
200,"Hezonja, Mario",8,Knicks,http://ak-static.cms.nba.com/wp-content/uploads/headshots/nba/latest/260x190/1626209.png
201,"Hicks, Isaiah",4,Knicks,http://ak-static.cms.nba.com/wp-content/uploads/headshots/nba/latest/260x190/1628439.png
202,"Hield, Buddy",24,Kings,http://ak-static.cms.nba.com/wp-content/uploads/headshots/nba/latest/260x190/1627741.png
203,"Highsmith, Haywood",7,76ers,http://ak-static.cms.nba.com/wp-content/uploads/headshots/nba/latest/260x190/1629312.png
204,"Hill, George",3,Bucks,http://ak-static.cms.nba.com/wp-content/uploads/headshots/nba/latest/260x190/201588.png
205,"Hill, Solomon",44,Pelicans,http://ak-static.cms.nba.com/wp-content/uploads/headshots/nba/latest/260x190/203524.png
206,"Holiday, Aaron",3,Pacers,http://ak-static.cms.nba.com/wp-content/uploads/headshots/nba/latest/260x190/1628988.png
207,"Holiday, Jrue",11,Pelicans,http://ak-static.cms.nba.com/wp-content/uploads/headshots/nba/latest/260x190/201950.png
208,"Holiday, Justin",7,Grizzlies,http://ak-static.cms.nba.com/wp-content/uploads/headshots/nba/latest/260x190/203200.png
209,"Hollis-Jefferson, Rondae",24,Nets,http://ak-static.cms.nba.com/wp-content/uploads/headshots/nba/latest/260x190/1626178.png
210,"Holmes, Richaun",21,Suns,http://ak-static.cms.nba.com/wp-content/uploads/headshots/nba/latest/260x190/1626158.png
211,"Hood, Rodney",5,Trail Blazers,http://ak-static.cms.nba.com/wp-content/uploads/headshots/nba/latest/260x190/203918.png
212,"Hopson, Scotty",22,Thunder,http://ak-static.cms.nba.com/wp-content/uploads/headshots/nba/latest/260x190/203816.png
213,"Horford, Al",42,Celtics,http://ak-static.cms.nba.com/wp-content/uploads/headshots/nba/latest/260x190/201143.png
214,"House Jr., Danuel",4,Rockets,http://ak-static.cms.nba.com/wp-content/uploads/headshots/nba/latest/260x190/1627863.png
215,"Howard, Dwight",21,Wizards,http://ak-static.cms.nba.com/wp-content/uploads/headshots/nba/latest/260x190/2730.png
216,"Huerter, Kevin",3,Hawks,http://ak-static.cms.nba.com/wp-content/uploads/headshots/nba/latest/260x190/1628989.png
217,"Hunter, RJ",28,Celtics,http://ak-static.cms.nba.com/wp-content/uploads/headshots/nba/latest/260x190/1626154.png
218,"Hutchison, Chandler",15,Bulls,http://ak-static.cms.nba.com/wp-content/uploads/headshots/nba/latest/260x190/1628990.png
219,"Ibaka, Serge",9,Raptors,http://ak-static.cms.nba.com/wp-content/uploads/headshots/nba/latest/260x190/201586.png
220,"Iguodala, Andre",9,Warriors,http://ak-static.cms.nba.com/wp-content/uploads/headshots/nba/latest/260x190/2738.png
221,"Ilyasova, Ersan",77,Bucks,http://ak-static.cms.nba.com/wp-content/uploads/headshots/nba/latest/260x190/101141.png
222,"Ingles, Joe",2,Jazz,http://ak-static.cms.nba.com/wp-content/uploads/headshots/nba/latest/260x190/204060.png
223,"Ingram, Brandon",14,Lakers,http://ak-static.cms.nba.com/wp-content/uploads/headshots/nba/latest/260x190/1627742.png
224,"Irving, Kyrie",11,Celtics,http://ak-static.cms.nba.com/wp-content/uploads/headshots/nba/latest/260x190/202681.png
225,"Isaac, Jonathan",1,Magic,http://ak-static.cms.nba.com/wp-content/uploads/headshots/nba/latest/260x190/1628371.png
226,"Iwundu, Wes",25,Magic,http://ak-static.cms.nba.com/wp-content/uploads/headshots/nba/latest/260x190/1628411.png
227,"Jackson Jr., Jaren",13,Grizzlies,http://ak-static.cms.nba.com/wp-content/uploads/headshots/nba/latest/260x190/1628991.png
228,"Jackson, Frank",15,Pelicans,http://ak-static.cms.nba.com/wp-content/uploads/headshots/nba/latest/260x190/1628402.png
229,"Jackson, Josh",20,Suns,http://ak-static.cms.nba.com/wp-content/uploads/headshots/nba/latest/260x190/1628367.png
230,"Jackson, Justin",44,Mavericks,http://ak-static.cms.nba.com/wp-content/uploads/headshots/nba/latest/260x190/1628382.png
231,"Jackson, Reggie",1,Pistons,http://ak-static.cms.nba.com/wp-content/uploads/headshots/nba/latest/260x190/202704.png
232,"James, LeBron",23,Lakers,http://ak-static.cms.nba.com/wp-content/uploads/headshots/nba/latest/260x190/2544.png
233,"Jefferson, Amile",11,Magic,http://ak-static.cms.nba.com/wp-content/uploads/headshots/nba/latest/260x190/1628518.png
234,"Jenkins, John",30,Knicks,http://ak-static.cms.nba.com/wp-content/uploads/headshots/nba/latest/260x190/203098.png
235,"Jerebko, Jonas",21,Warriors,http://ak-static.cms.nba.com/wp-content/uploads/headshots/nba/latest/260x190/201973.png
236,"Johnson, Alize",24,Pacers,http://ak-static.cms.nba.com/wp-content/uploads/headshots/nba/latest/260x190/1628993.png
237,"Johnson, Amir",5,76ers,http://ak-static.cms.nba.com/wp-content/uploads/headshots/nba/latest/260x190/101161.png
238,"Johnson, James",16,Heat,http://ak-static.cms.nba.com/wp-content/uploads/headshots/nba/latest/260x190/201949.png
239,"Johnson, Stanley",3,Pelicans,http://ak-static.cms.nba.com/wp-content/uploads/headshots/nba/latest/260x190/1626169.png
240,"Johnson, Tyler",16,Suns,http://ak-static.cms.nba.com/wp-content/uploads/headshots/nba/latest/260x190/204020.png
241,"Johnson, Wesley",4,Wizards,http://ak-static.cms.nba.com/wp-content/uploads/headshots/nba/latest/260x190/202325.png
242,"Jokic, Nikola",15,Nuggets,http://ak-static.cms.nba.com/wp-content/uploads/headshots/nba/latest/260x190/203999.png
243,"Jones Jr., Derrick",5,Heat,http://ak-static.cms.nba.com/wp-content/uploads/headshots/nba/latest/260x190/1627884.png
244,"Jones, Damian",15,Warriors,http://ak-static.cms.nba.com/wp-content/uploads/headshots/nba/latest/260x190/1627745.png
245,"Jones, Terrence",9,Rockets,http://ak-static.cms.nba.com/wp-content/uploads/headshots/nba/latest/260x190/203093.png
246,"Jones, Tyus",1,Timberwolves,http://ak-static.cms.nba.com/wp-content/uploads/headshots/nba/latest/260x190/1626145.png
247,"Jordan, DeAndre",6,Knicks,http://ak-static.cms.nba.com/wp-content/uploads/headshots/nba/latest/260x190/201599.png
248,"Joseph, Cory",6,Pacers,http://ak-static.cms.nba.com/wp-content/uploads/headshots/nba/latest/260x190/202709.png
249,"Kaminsky, Frank",44,Hornets,http://ak-static.cms.nba.com/wp-content/uploads/headshots/nba/latest/260x190/1626163.png
250,"Kanter, Enes",00,Trail Blazers,http://ak-static.cms.nba.com/wp-content/uploads/headshots/nba/latest/260x190/202683.png
251,"Kennard, Luke",5,Pistons,http://ak-static.cms.nba.com/wp-content/uploads/headshots/nba/latest/260x190/1628379.png
252,"Kidd-Gilchrist, Michael",14,Hornets,http://ak-static.cms.nba.com/wp-content/uploads/headshots/nba/latest/260x190/203077.png
253,"King, George",8,Suns,http://ak-static.cms.nba.com/wp-content/uploads/headshots/nba/latest/260x190/1628994.png
254,"Kleber, Maxi",42,Mavericks,http://ak-static.cms.nba.com/wp-content/uploads/headshots/nba/latest/260x190/1628467.png
255,"Knight, Brandon",20,Cavaliers,http://ak-static.cms.nba.com/wp-content/uploads/headshots/nba/latest/260x190/202688.png
256,"Knox, Kevin",20,Knicks,http://ak-static.cms.nba.com/wp-content/uploads/headshots/nba/latest/260x190/1628995.png
257,"Korkmaz, Furkan",30,76ers,http://ak-static.cms.nba.com/wp-content/uploads/headshots/nba/latest/260x190/1627788.png
258,"Kornet, Luke",2,Knicks,http://ak-static.cms.nba.com/wp-content/uploads/headshots/nba/latest/260x190/1628436.png
259,"Korver, Kyle",26,Jazz,http://ak-static.cms.nba.com/wp-content/uploads/headshots/nba/latest/260x190/2594.png
260,"Koufos, Kosta",41,Kings,http://ak-static.cms.nba.com/wp-content/uploads/headshots/nba/latest/260x190/201585.png
261,"Kurucs, Rodions",00,Nets,http://ak-static.cms.nba.com/wp-content/uploads/headshots/nba/latest/260x190/1629066.png
262,"Kuzma, Kyle",0,Lakers,http://ak-static.cms.nba.com/wp-content/uploads/headshots/nba/latest/260x190/1628398.png
263,"Labissiere, Skal",17,Trail Blazers,http://ak-static.cms.nba.com/wp-content/uploads/headshots/nba/latest/260x190/1627746.png
264,"Lamb, Jeremy",3,Hornets,http://ak-static.cms.nba.com/wp-content/uploads/headshots/nba/latest/260x190/203087.png
265,"LaVine, Zach",8,Bulls,http://ak-static.cms.nba.com/wp-content/uploads/headshots/nba/latest/260x190/203897.png
266,"Layman, Jake",10,Trail Blazers,http://ak-static.cms.nba.com/wp-content/uploads/headshots/nba/latest/260x190/1627774.png
267,"Leaf, TJ",22,Pacers,http://ak-static.cms.nba.com/wp-content/uploads/headshots/nba/latest/260x190/1628388.png
268,"Lee, Courtney",1,Mavericks,http://ak-static.cms.nba.com/wp-content/uploads/headshots/nba/latest/260x190/201584.png
269,"Lee, Damion",1,Warriors,http://ak-static.cms.nba.com/wp-content/uploads/headshots/nba/latest/260x190/1627814.png
270,"Len, Alex",25,Hawks,http://ak-static.cms.nba.com/wp-content/uploads/headshots/nba/latest/260x190/203458.png
271,"Leonard, Kawhi",2,Raptors,http://ak-static.cms.nba.com/wp-content/uploads/headshots/nba/latest/260x190/202695.png
272,"Leonard, Meyers",11,Trail Blazers,http://ak-static.cms.nba.com/wp-content/uploads/headshots/nba/latest/260x190/203086.png
273,"Leuer, Jon",30,Pistons,http://ak-static.cms.nba.com/wp-content/uploads/headshots/nba/latest/260x190/202720.png
274,"LeVert, Caris",22,Nets,http://ak-static.cms.nba.com/wp-content/uploads/headshots/nba/latest/260x190/1627747.png
275,"Lillard, Damian",0,Trail Blazers,http://ak-static.cms.nba.com/wp-content/uploads/headshots/nba/latest/260x190/203081.png
276,"Lin, Jeremy",17,Raptors,http://ak-static.cms.nba.com/wp-content/uploads/headshots/nba/latest/260x190/202391.png
277,"Livingston, Shaun",34,Warriors,http://ak-static.cms.nba.com/wp-content/uploads/headshots/nba/latest/260x190/2733.png
278,"Looney, Kevon",5,Warriors,http://ak-static.cms.nba.com/wp-content/uploads/headshots/nba/latest/260x190/1626172.png
279,"Lopez, Brook",11,Bucks,http://ak-static.cms.nba.com/wp-content/uploads/headshots/nba/latest/260x190/201572.png
280,"Lopez, Robin",42,Bulls,http://ak-static.cms.nba.com/wp-content/uploads/headshots/nba/latest/260x190/201577.png
281,"Love, Kevin",0,Cavaliers,http://ak-static.cms.nba.com/wp-content/uploads/headshots/nba/latest/260x190/201567.png
282,"Lowry, Kyle",7,Raptors,http://ak-static.cms.nba.com/wp-content/uploads/headshots/nba/latest/260x190/200768.png
283,"Loyd, Jordan",8,Raptors,http://ak-static.cms.nba.com/wp-content/uploads/headshots/nba/latest/260x190/1628070.png
284,"Lucas, Kalin",24,Pistons,http://ak-static.cms.nba.com/wp-content/uploads/headshots/nba/latest/260x190/203564.png
285,"Luwawu-Cabarrot, Timothe",7,Bulls,http://ak-static.cms.nba.com/wp-content/uploads/headshots/nba/latest/260x190/1627789.png
286,"Lydon, Tyler",20,Nuggets,http://ak-static.cms.nba.com/wp-content/uploads/headshots/nba/latest/260x190/1628399.png
287,"Lyles, Trey",7,Nuggets,http://ak-static.cms.nba.com/wp-content/uploads/headshots/nba/latest/260x190/1626168.png
288,"Mack, Shelvin",6,Hornets,http://ak-static.cms.nba.com/wp-content/uploads/headshots/nba/latest/260x190/202714.png
289,"Macon, Daryl",3,Mavericks,http://ak-static.cms.nba.com/wp-content/uploads/headshots/nba/latest/260x190/1629133.png
290,"Macura, J.P.",55,Hornets,http://ak-static.cms.nba.com/wp-content/uploads/headshots/nba/latest/260x190/1629122.png
291,"Mahinmi, Ian",28,Wizards,http://ak-static.cms.nba.com/wp-content/uploads/headshots/nba/latest/260x190/101133.png
292,"Maker, Thon",7,Pistons,http://ak-static.cms.nba.com/wp-content/uploads/headshots/nba/latest/260x190/1627748.png
293,"Marjanovic, Boban",51,76ers,http://ak-static.cms.nba.com/wp-content/uploads/headshots/nba/latest/260x190/1626246.png
294,"Markkanen, Lauri",24,Bulls,http://ak-static.cms.nba.com/wp-content/uploads/headshots/nba/latest/260x190/1628374.png
295,"Martin, Jarell",2,Magic,http://ak-static.cms.nba.com/wp-content/uploads/headshots/nba/latest/260x190/1626185.png
296,"Mason, Frank",10,Kings,http://ak-static.cms.nba.com/wp-content/uploads/headshots/nba/latest/260x190/1628412.png
297,"Maten, Yante",00,Heat,http://ak-static.cms.nba.com/wp-content/uploads/headshots/nba/latest/260x190/1628999.png
298,"Matthews, Wesley",23,Pacers,http://ak-static.cms.nba.com/wp-content/uploads/headshots/nba/latest/260x190/202083.png
299,"Mbah a Moute, Luc",12,Clippers,http://ak-static.cms.nba.com/wp-content/uploads/headshots/nba/latest/260x190/201601.png
300,"McCaw, Patrick",1,Raptors,http://ak-static.cms.nba.com/wp-content/uploads/headshots/nba/latest/260x190/1627775.png
301,"McCollum, CJ",3,Trail Blazers,http://ak-static.cms.nba.com/wp-content/uploads/headshots/nba/latest/260x190/203468.png
302,"McConnell, T.J.",12,76ers,http://ak-static.cms.nba.com/wp-content/uploads/headshots/nba/latest/260x190/204456.png
303,"McDermott, Doug",20,Pacers,http://ak-static.cms.nba.com/wp-content/uploads/headshots/nba/latest/260x190/203926.png
304,"McGee, JaVale",7,Lakers,http://ak-static.cms.nba.com/wp-content/uploads/headshots/nba/latest/260x190/201580.png
305,"McGruder, Rodney",17,Heat,http://ak-static.cms.nba.com/wp-content/uploads/headshots/nba/latest/260x190/203585.png
306,"McKinnie, Alfonzo",28,Warriors,http://ak-static.cms.nba.com/wp-content/uploads/headshots/nba/latest/260x190/1628035.png
307,"McRae, Jordan",52,Wizards,http://ak-static.cms.nba.com/wp-content/uploads/headshots/nba/latest/260x190/203895.png
308,"Meeks, Jodie",20,Raptors,http://ak-static.cms.nba.com/wp-content/uploads/headshots/nba/latest/260x190/201975.png
309,"Mejri, Salah",50,Mavericks,http://ak-static.cms.nba.com/wp-content/uploads/headshots/nba/latest/260x190/1626257.png
310,"Melton, De'Anthony",14,Suns,http://ak-static.cms.nba.com/wp-content/uploads/headshots/nba/latest/260x190/1629001.png
311,"Metu, Chimezie",7,Spurs,http://ak-static.cms.nba.com/wp-content/uploads/headshots/nba/latest/260x190/1629002.png
312,"Middleton, Khris",22,Bucks,http://ak-static.cms.nba.com/wp-content/uploads/headshots/nba/latest/260x190/203114.png
313,"Miles, CJ",6,Grizzlies,http://ak-static.cms.nba.com/wp-content/uploads/headshots/nba/latest/260x190/101139.png
314,"Miller, Darius",21,Pelicans,http://ak-static.cms.nba.com/wp-content/uploads/headshots/nba/latest/260x190/203121.png
315,"Miller, Malcolm",13,Raptors,http://ak-static.cms.nba.com/wp-content/uploads/headshots/nba/latest/260x190/1626259.png
316,"Millsap, Paul",4,Nuggets,http://ak-static.cms.nba.com/wp-content/uploads/headshots/nba/latest/260x190/200794.png
317,"Mills, Patty",8,Spurs,http://ak-static.cms.nba.com/wp-content/uploads/headshots/nba/latest/260x190/201988.png
318,"Milton, Shake",18,76ers,http://ak-static.cms.nba.com/wp-content/uploads/headshots/nba/latest/260x190/1629003.png
319,"Mirotic, Nikola",41,Bucks,http://ak-static.cms.nba.com/wp-content/uploads/headshots/nba/latest/260x190/202703.png
320,"Mitchell, Donovan",45,Jazz,http://ak-static.cms.nba.com/wp-content/uploads/headshots/nba/latest/260x190/1628378.png
321,"Mitrou-Long, Naz",30,Jazz,http://ak-static.cms.nba.com/wp-content/uploads/headshots/nba/latest/260x190/1628513.png
322,"Monk, Malik",1,Hornets,http://ak-static.cms.nba.com/wp-content/uploads/headshots/nba/latest/260x190/1628370.png
323,"Moore, Ben",26,Spurs,http://ak-static.cms.nba.com/wp-content/uploads/headshots/nba/latest/260x190/1628500.png
324,"Moore, E'Twaun",55,Pelicans,http://ak-static.cms.nba.com/wp-content/uploads/headshots/nba/latest/260x190/202734.png
325,"Morris, Jaylen",30,Bucks,http://ak-static.cms.nba.com/wp-content/uploads/headshots/nba/latest/260x190/1628537.png
326,"Morris, Marcus",13,Celtics,http://ak-static.cms.nba.com/wp-content/uploads/headshots/nba/latest/260x190/202694.png
327,"Morris, Markieff",5,Thunder,http://ak-static.cms.nba.com/wp-content/uploads/headshots/nba/latest/260x190/202693.png
328,"Morris, Monte",11,Nuggets,http://ak-static.cms.nba.com/wp-content/uploads/headshots/nba/latest/260x190/1628420.png
329,"Motley, Johnathan",15,Clippers,http://ak-static.cms.nba.com/wp-content/uploads/headshots/nba/latest/260x190/1628405.png
330,"Mozgov, Timofey",21,Magic,http://ak-static.cms.nba.com/wp-content/uploads/headshots/nba/latest/260x190/202389.png
331,"Mudiay, Emmanuel",1,Knicks,http://ak-static.cms.nba.com/wp-content/uploads/headshots/nba/latest/260x190/1626144.png
332,"Murray, Dejounte",5,Spurs,http://ak-static.cms.nba.com/wp-content/uploads/headshots/nba/latest/260x190/1627749.png
333,"Murray, Jamal",27,Nuggets,http://ak-static.cms.nba.com/wp-content/uploads/headshots/nba/latest/260x190/1627750.png
334,"Musa, Dzanan",30,Nets,http://ak-static.cms.nba.com/wp-content/uploads/headshots/nba/latest/260x190/1629058.png
335,"Muscala, Mike",31,Lakers,http://ak-static.cms.nba.com/wp-content/uploads/headshots/nba/latest/260x190/203488.png
336,"Mykhailiuk, Svi",19,Pistons,http://ak-static.cms.nba.com/wp-content/uploads/headshots/nba/latest/260x190/1629004.png
337,"Nader, Abdel",11,Thunder,http://ak-static.cms.nba.com/wp-content/uploads/headshots/nba/latest/260x190/1627846.png
338,"Nance Jr., Larry",22,Cavaliers,http://ak-static.cms.nba.com/wp-content/uploads/headshots/nba/latest/260x190/1626204.png
339,"Napier, Shabazz",13,Nets,http://ak-static.cms.nba.com/wp-content/uploads/headshots/nba/latest/260x190/203894.png
340,Nene,42,Rockets,http://ak-static.cms.nba.com/wp-content/uploads/headshots/nba/latest/260x190/2403.png
341,"Neto, Raul",25,Jazz,http://ak-static.cms.nba.com/wp-content/uploads/headshots/nba/latest/260x190/203526.png
342,"Niang, Georges",31,Jazz,http://ak-static.cms.nba.com/wp-content/uploads/headshots/nba/latest/260x190/1627777.png
343,"Noah, Joakim",55,Grizzlies,http://ak-static.cms.nba.com/wp-content/uploads/headshots/nba/latest/260x190/201149.png
344,"Noel, Nerlens",3,Thunder,http://ak-static.cms.nba.com/wp-content/uploads/headshots/nba/latest/260x190/203457.png
345,"Nowitzki, Dirk",41,Mavericks,http://ak-static.cms.nba.com/wp-content/uploads/headshots/nba/latest/260x190/1717.png
346,"Ntilikina, Frank",11,Knicks,http://ak-static.cms.nba.com/wp-content/uploads/headshots/nba/latest/260x190/1628373.png
347,"Nurkic, Jusuf",27,Trail Blazers,http://ak-static.cms.nba.com/wp-content/uploads/headshots/nba/latest/260x190/203994.png
348,"Nwaba, David",12,Cavaliers,http://ak-static.cms.nba.com/wp-content/uploads/headshots/nba/latest/260x190/1628021.png
349,"O'Neale, Royce",23,Jazz,http://ak-static.cms.nba.com/wp-content/uploads/headshots/nba/latest/260x190/1626220.png
350,"O'Quinn, Kyle",10,Pacers,http://ak-static.cms.nba.com/wp-content/uploads/headshots/nba/latest/260x190/203124.png
351,"Ojeleye, Semi",37,Celtics,http://ak-static.cms.nba.com/wp-content/uploads/headshots/nba/latest/260x190/1628400.png
352,"Okafor, Jahlil",8,Pelicans,http://ak-static.cms.nba.com/wp-content/uploads/headshots/nba/latest/260x190/1626143.png
353,"Okobo, Elie",2,Suns,http://ak-static.cms.nba.com/wp-content/uploads/headshots/nba/latest/260x190/1629059.png
354,"Okogie, Josh",20,Timberwolves,http://ak-static.cms.nba.com/wp-content/uploads/headshots/nba/latest/260x190/1629006.png
355,"Oladipo, Victor",4,Pacers,http://ak-static.cms.nba.com/wp-content/uploads/headshots/nba/latest/260x190/203506.png
356,"Olynyk, Kelly",9,Heat,http://ak-static.cms.nba.com/wp-content/uploads/headshots/nba/latest/260x190/203482.png
357,"Osman, Cedi",16,Cavaliers,http://ak-static.cms.nba.com/wp-content/uploads/headshots/nba/latest/260x190/1626224.png
358,"Oubre Jr., Kelly",3,Suns,http://ak-static.cms.nba.com/wp-content/uploads/headshots/nba/latest/260x190/1626162.png
359,"Pachulia, Zaza",27,Pistons,http://ak-static.cms.nba.com/wp-content/uploads/headshots/nba/latest/260x190/2585.png
360,"Parker, Jabari",12,Wizards,http://ak-static.cms.nba.com/wp-content/uploads/headshots/nba/latest/260x190/203953.png
361,"Parker, Tony",9,Hornets,http://ak-static.cms.nba.com/wp-content/uploads/headshots/nba/latest/260x190/2225.png
362,"Parsons, Chandler",25,Grizzlies,http://ak-static.cms.nba.com/wp-content/uploads/headshots/nba/latest/260x190/202718.png
363,"Patterson, Patrick",54,Thunder,http://ak-static.cms.nba.com/wp-content/uploads/headshots/nba/latest/260x190/202335.png
364,"Patton, Justin",0,76ers,http://ak-static.cms.nba.com/wp-content/uploads/headshots/nba/latest/260x190/1628383.png
365,"Paul, Chris",3,Rockets,http://ak-static.cms.nba.com/wp-content/uploads/headshots/nba/latest/260x190/101108.png
366,"Payton, Elfrid",4,Pelicans,http://ak-static.cms.nba.com/wp-content/uploads/headshots/nba/latest/260x190/203901.png
367,"Pinson, Theo",10,Nets,http://ak-static.cms.nba.com/wp-content/uploads/headshots/nba/latest/260x190/1629033.png
368,"Plumlee, Mason",24,Nuggets,http://ak-static.cms.nba.com/wp-content/uploads/headshots/nba/latest/260x190/203486.png
369,"Plumlee, Miles",18,Hawks,http://ak-static.cms.nba.com/wp-content/uploads/headshots/nba/latest/260x190/203101.png
370,"Poeltl, Jakob",25,Spurs,http://ak-static.cms.nba.com/wp-content/uploads/headshots/nba/latest/260x190/1627751.png
371,"Pondexter, Quincy",3,Spurs,http://ak-static.cms.nba.com/wp-content/uploads/headshots/nba/latest/260x190/202347.png
372,"Porter Jr., Michael",1,Nuggets,http://ak-static.cms.nba.com/wp-content/uploads/headshots/nba/latest/260x190/1629008.png
373,"Porter Jr., Otto",22,Bulls,http://ak-static.cms.nba.com/wp-content/uploads/headshots/nba/latest/260x190/203490.png
374,"Portis, Bobby",5,Wizards,http://ak-static.cms.nba.com/wp-content/uploads/headshots/nba/latest/260x190/1626171.png
375,"Porzingis, Kristaps",6,Mavericks,http://ak-static.cms.nba.com/wp-content/uploads/headshots/nba/latest/260x190/204001.png
376,"Powell, Dwight",7,Mavericks,http://ak-static.cms.nba.com/wp-content/uploads/headshots/nba/latest/260x190/203939.png
377,"Powell, Norman",24,Raptors,http://ak-static.cms.nba.com/wp-content/uploads/headshots/nba/latest/260x190/1626181.png
378,"Poythress, Alex",22,Hawks,http://ak-static.cms.nba.com/wp-content/uploads/headshots/nba/latest/260x190/1627816.png
379,"Prince, Taurean",12,Hawks,http://ak-static.cms.nba.com/wp-content/uploads/headshots/nba/latest/260x190/1627752.png
380,"Rabb, Ivan",10,Grizzlies,http://ak-static.cms.nba.com/wp-content/uploads/headshots/nba/latest/260x190/1628397.png
381,"Randle, Chasson",9,Wizards,http://ak-static.cms.nba.com/wp-content/uploads/headshots/nba/latest/260x190/1626184.png
382,"Randle, Julius",30,Pelicans,http://ak-static.cms.nba.com/wp-content/uploads/headshots/nba/latest/260x190/203944.png
383,"Redick, JJ",17,76ers,http://ak-static.cms.nba.com/wp-content/uploads/headshots/nba/latest/260x190/200755.png
384,"Reed, Davon",32,Pacers,http://ak-static.cms.nba.com/wp-content/uploads/headshots/nba/latest/260x190/1628432.png
385,"Richardson, Josh",0,Heat,http://ak-static.cms.nba.com/wp-content/uploads/headshots/nba/latest/260x190/1626196.png
386,"Rivers, Austin",25,Rockets,http://ak-static.cms.nba.com/wp-content/uploads/headshots/nba/latest/260x190/203085.png
387,"Roberson, Andre",21,Thunder,http://ak-static.cms.nba.com/wp-content/uploads/headshots/nba/latest/260x190/203460.png
388,"Robinson III, Glenn",22,Pistons,http://ak-static.cms.nba.com/wp-content/uploads/headshots/nba/latest/260x190/203922.png
389,"Robinson, Devin",7,Wizards,http://ak-static.cms.nba.com/wp-content/uploads/headshots/nba/latest/260x190/1628421.png
390,"Robinson, Duncan",55,Heat,http://ak-static.cms.nba.com/wp-content/uploads/headshots/nba/latest/260x190/1629130.png
391,"Robinson, Jerome",10,Clippers,http://ak-static.cms.nba.com/wp-content/uploads/headshots/nba/latest/260x190/1629010.png
392,"Robinson, Mitchell",26,Knicks,http://ak-static.cms.nba.com/wp-content/uploads/headshots/nba/latest/260x190/1629011.png
393,"Rondo, Rajon",9,Lakers,http://ak-static.cms.nba.com/wp-content/uploads/headshots/nba/latest/260x190/200765.png
394,"Rose, Derrick",25,Timberwolves,http://ak-static.cms.nba.com/wp-content/uploads/headshots/nba/latest/260x190/201565.png
395,"Ross, Terrence",31,Magic,http://ak-static.cms.nba.com/wp-content/uploads/headshots/nba/latest/260x190/203082.png
396,"Rozier, Terry",12,Celtics,http://ak-static.cms.nba.com/wp-content/uploads/headshots/nba/latest/260x190/1626179.png
397,"Rubio, Ricky",3,Jazz,http://ak-static.cms.nba.com/wp-content/uploads/headshots/nba/latest/260x190/201937.png
398,"Russell, D'Angelo",1,Nets,http://ak-static.cms.nba.com/wp-content/uploads/headshots/nba/latest/260x190/1626156.png
399,"Sabonis, Domantas",11,Pacers,http://ak-static.cms.nba.com/wp-content/uploads/headshots/nba/latest/260x190/1627734.png
400,"Sampson, Brandon",44,Bulls,http://ak-static.cms.nba.com/wp-content/uploads/headshots/nba/latest/260x190/1629102.png
401,"Saric, Dario",36,Timberwolves,http://ak-static.cms.nba.com/wp-content/uploads/headshots/nba/latest/260x190/203967.png
402,"Satoransky, Tomas",31,Wizards,http://ak-static.cms.nba.com/wp-content/uploads/headshots/nba/latest/260x190/203107.png
403,"Schroder, Dennis",17,Thunder,http://ak-static.cms.nba.com/wp-content/uploads/headshots/nba/latest/260x190/203471.png
404,"Scott, Mike",1,76ers,http://ak-static.cms.nba.com/wp-content/uploads/headshots/nba/latest/260x190/203118.png
405,"Sefolosha, Thabo",22,Jazz,http://ak-static.cms.nba.com/wp-content/uploads/headshots/nba/latest/260x190/200757.png
406,"Selden, Wayne",14,Bulls,http://ak-static.cms.nba.com/wp-content/uploads/headshots/nba/latest/260x190/1627782.png
407,"Sexton, Collin",2,Cavaliers,http://ak-static.cms.nba.com/wp-content/uploads/headshots/nba/latest/260x190/1629012.png
408,"Shamet, Landry",20,Clippers,http://ak-static.cms.nba.com/wp-content/uploads/headshots/nba/latest/260x190/1629013.png
409,"Shumpert, Iman",1,Rockets,http://ak-static.cms.nba.com/wp-content/uploads/headshots/nba/latest/260x190/202697.png
410,"Siakam, Pascal",43,Raptors,http://ak-static.cms.nba.com/wp-content/uploads/headshots/nba/latest/260x190/1627783.png
411,"Sibert, Jordan",8,Hawks,http://ak-static.cms.nba.com/wp-content/uploads/headshots/nba/latest/260x190/1626296.png
412,"Simmons, Ben",25,76ers,http://ak-static.cms.nba.com/wp-content/uploads/headshots/nba/latest/260x190/1627732.png
413,"Simmons, Jonathon",14,76ers,http://ak-static.cms.nba.com/wp-content/uploads/headshots/nba/latest/260x190/203613.png
414,"Simons, Anfernee",24,Trail Blazers,http://ak-static.cms.nba.com/wp-content/uploads/headshots/nba/latest/260x190/1629014.png
415,"Smart, Marcus",36,Celtics,http://ak-static.cms.nba.com/wp-content/uploads/headshots/nba/latest/260x190/203935.png
416,"Smith Jr., Dennis",5,Knicks,http://ak-static.cms.nba.com/wp-content/uploads/headshots/nba/latest/260x190/1628372.png
417,"Smith, Ish",14,Pistons,http://ak-static.cms.nba.com/wp-content/uploads/headshots/nba/latest/260x190/202397.png
418,"Smith, Jason",20,Pelicans,http://ak-static.cms.nba.com/wp-content/uploads/headshots/nba/latest/260x190/201160.png
419,"Smith, JR",5,Cavaliers,http://ak-static.cms.nba.com/wp-content/uploads/headshots/nba/latest/260x190/2747.png
420,"Smith, Zhaire",8,76ers,http://ak-static.cms.nba.com/wp-content/uploads/headshots/nba/latest/260x190/1629015.png
421,"Snell, Tony",21,Bucks,http://ak-static.cms.nba.com/wp-content/uploads/headshots/nba/latest/260x190/203503.png
422,"Solomon, Richard",8,Thunder,http://ak-static.cms.nba.com/wp-content/uploads/headshots/nba/latest/260x190/204076.png
423,"Spalding, Ray",26,Suns,http://ak-static.cms.nba.com/wp-content/uploads/headshots/nba/latest/260x190/1629034.png
424,"Spellman, Omari",6,Hawks,http://ak-static.cms.nba.com/wp-content/uploads/headshots/nba/latest/260x190/1629016.png
425,"Stauskas, Nik",1,Cavaliers,http://ak-static.cms.nba.com/wp-content/uploads/headshots/nba/latest/260x190/203917.png
426,"Stephenson, Lance",6,Lakers,http://ak-static.cms.nba.com/wp-content/uploads/headshots/nba/latest/260x190/202362.png
427,"Sumner, Edmond",5,Pacers,http://ak-static.cms.nba.com/wp-content/uploads/headshots/nba/latest/260x190/1628410.png
428,"Swanigan, Caleb",50,Kings,http://ak-static.cms.nba.com/wp-content/uploads/headshots/nba/latest/260x190/1628403.png
429,"Tatum, Jayson",0,Celtics,http://ak-static.cms.nba.com/wp-content/uploads/headshots/nba/latest/260x190/1628369.png
430,"Teague, Jeff",0,Timberwolves,http://ak-static.cms.nba.com/wp-content/uploads/headshots/nba/latest/260x190/201952.png
431,"Temple, Garrett",17,Clippers,http://ak-static.cms.nba.com/wp-content/uploads/headshots/nba/latest/260x190/202066.png
432,"Terrell, Jared",3,Timberwolves,http://ak-static.cms.nba.com/wp-content/uploads/headshots/nba/latest/260x190/1629123.png
433,"Terry, Emanuel",12,Heat,http://ak-static.cms.nba.com/wp-content/uploads/headshots/nba/latest/260x190/1629150.png
434,"Theis, Daniel",27,Celtics,http://ak-static.cms.nba.com/wp-content/uploads/headshots/nba/latest/260x190/1628464.png
435,"Thomas, Isaiah",0,Nuggets,http://ak-static.cms.nba.com/wp-content/uploads/headshots/nba/latest/260x190/202738.png
436,"Thomas, Khyri",13,Pistons,http://ak-static.cms.nba.com/wp-content/uploads/headshots/nba/latest/260x190/1629017.png
437,"Thomas, Lance",42,Knicks,http://ak-static.cms.nba.com/wp-content/uploads/headshots/nba/latest/260x190/202498.png
438,"Thompson, Klay",11,Warriors,http://ak-static.cms.nba.com/wp-content/uploads/headshots/nba/latest/260x190/202691.png
439,"Thompson, Tristan",13,Cavaliers,http://ak-static.cms.nba.com/wp-content/uploads/headshots/nba/latest/260x190/202684.png
440,"Thornwell, Sindarius",0,Clippers,http://ak-static.cms.nba.com/wp-content/uploads/headshots/nba/latest/260x190/1628414.png
441,"Tolliver, Anthony",43,Timberwolves,http://ak-static.cms.nba.com/wp-content/uploads/headshots/nba/latest/260x190/201229.png
442,"Towns, Karl-Anthony",32,Timberwolves,http://ak-static.cms.nba.com/wp-content/uploads/headshots/nba/latest/260x190/1626157.png
443,"Trent Jr., Gary",9,Trail Blazers,http://ak-static.cms.nba.com/wp-content/uploads/headshots/nba/latest/260x190/1629018.png
444,"Trier, Allonzo",14,Knicks,http://ak-static.cms.nba.com/wp-content/uploads/headshots/nba/latest/260x190/1629019.png
445,"Tucker, PJ",17,Rockets,http://ak-static.cms.nba.com/wp-content/uploads/headshots/nba/latest/260x190/200782.png
446,"Turner, Evan",1,Trail Blazers,http://ak-static.cms.nba.com/wp-content/uploads/headshots/nba/latest/260x190/202323.png
447,"Turner, Myles",33,Pacers,http://ak-static.cms.nba.com/wp-content/uploads/headshots/nba/latest/260x190/1626167.png
448,"Udoh, Ekpe",33,Jazz,http://ak-static.cms.nba.com/wp-content/uploads/headshots/nba/latest/260x190/202327.png
449,"Valanciunas, Jonas",17,Grizzlies,http://ak-static.cms.nba.com/wp-content/uploads/headshots/nba/latest/260x190/202685.png
450,"Valentine, Denzel",45,Bulls,http://ak-static.cms.nba.com/wp-content/uploads/headshots/nba/latest/260x190/1627756.png
451,"Vanderbilt, Jarred",8,Nuggets,http://ak-static.cms.nba.com/wp-content/uploads/headshots/nba/latest/260x190/1629020.png
452,"VanVleet, Fred",23,Raptors,http://ak-static.cms.nba.com/wp-content/uploads/headshots/nba/latest/260x190/1627832.png
453,"Vonleh, Noah",32,Knicks,http://ak-static.cms.nba.com/wp-content/uploads/headshots/nba/latest/260x190/203943.png
454,"Vucevic, Nikola",9,Magic,http://ak-static.cms.nba.com/wp-content/uploads/headshots/nba/latest/260x190/202696.png
455,"Wade, Dwyane",3,Heat,http://ak-static.cms.nba.com/wp-content/uploads/headshots/nba/latest/260x190/2548.png
456,"Wagner, Moritz",15,Lakers,http://ak-static.cms.nba.com/wp-content/uploads/headshots/nba/latest/260x190/1629021.png
457,"Waiters, Dion",11,Heat,http://ak-static.cms.nba.com/wp-content/uploads/headshots/nba/latest/260x190/203079.png
458,"Walker IV, Lonnie",1,Spurs,http://ak-static.cms.nba.com/wp-content/uploads/headshots/nba/latest/260x190/1629022.png
459,"Walker, Kemba",15,Hornets,http://ak-static.cms.nba.com/wp-content/uploads/headshots/nba/latest/260x190/202689.png
460,"Wallace, Tyrone",9,Clippers,http://ak-static.cms.nba.com/wp-content/uploads/headshots/nba/latest/260x190/1627820.png
461,"Wall, John",2,Wizards,http://ak-static.cms.nba.com/wp-content/uploads/headshots/nba/latest/260x190/202322.png
462,"Wanamaker, Brad",9,Celtics,http://ak-static.cms.nba.com/wp-content/uploads/headshots/nba/latest/260x190/202954.png
463,"Warren, T.J.",12,Suns,http://ak-static.cms.nba.com/wp-content/uploads/headshots/nba/latest/260x190/203933.png
464,"Washburn, Julian",4,Grizzlies,http://ak-static.cms.nba.com/wp-content/uploads/headshots/nba/latest/260x190/1627395.png
465,"Watanabe, Yuta",12,Grizzlies,http://ak-static.cms.nba.com/wp-content/uploads/headshots/nba/latest/260x190/1629139.png
466,"Welsh, Thomas",45,Nuggets,http://ak-static.cms.nba.com/wp-content/uploads/headshots/nba/latest/260x190/1629118.png
467,"Westbrook, Russell",0,Thunder,http://ak-static.cms.nba.com/wp-content/uploads/headshots/nba/latest/260x190/201566.png
468,"White, Derrick",4,Spurs,http://ak-static.cms.nba.com/wp-content/uploads/headshots/nba/latest/260x190/1628401.png
469,"Whitehead, Isaiah",12,Pistons,http://ak-static.cms.nba.com/wp-content/uploads/headshots/nba/latest/260x190/1627785.png
470,"Whiteside, Hassan",21,Heat,http://ak-static.cms.nba.com/wp-content/uploads/headshots/nba/latest/260x190/202355.png
471,"Wiggins, Andrew",22,Timberwolves,http://ak-static.cms.nba.com/wp-content/uploads/headshots/nba/latest/260x190/203952.png
472,"Williams III, Robert",44,Celtics,http://ak-static.cms.nba.com/wp-content/uploads/headshots/nba/latest/260x190/1629057.png
473,"Williams, Alan",15,Nets,http://ak-static.cms.nba.com/wp-content/uploads/headshots/nba/latest/260x190/1626210.png
474,"Williams, C.J.",12,Timberwolves,http://ak-static.cms.nba.com/wp-content/uploads/headshots/nba/latest/260x190/203710.png
475,"Williams, Johnathan",19,Lakers,http://ak-static.cms.nba.com/wp-content/uploads/headshots/nba/latest/260x190/1629140.png
476,"Williams, Kenrich",34,Pelicans,http://ak-static.cms.nba.com/wp-content/uploads/headshots/nba/latest/260x190/1629026.png
477,"Williams, Lou",23,Clippers,http://ak-static.cms.nba.com/wp-content/uploads/headshots/nba/latest/260x190/101150.png
478,"Williams, Marvin",2,Hornets,http://ak-static.cms.nba.com/wp-content/uploads/headshots/nba/latest/260x190/101107.png
479,"Williams, Troy",19,Kings,http://ak-static.cms.nba.com/wp-content/uploads/headshots/nba/latest/260x190/1627786.png
480,"Wilson, D.J.",5,Bucks,http://ak-static.cms.nba.com/wp-content/uploads/headshots/nba/latest/260x190/1628391.png
481,"Winslow, Justise",20,Heat,http://ak-static.cms.nba.com/wp-content/uploads/headshots/nba/latest/260x190/1626159.png
482,"Wood, Christian",35,Bucks,http://ak-static.cms.nba.com/wp-content/uploads/headshots/nba/latest/260x190/1626174.png
483,"Wright, Delon",2,Grizzlies,http://ak-static.cms.nba.com/wp-content/uploads/headshots/nba/latest/260x190/1626153.png
484,"Yabusele, Guerschon",30,Celtics,http://ak-static.cms.nba.com/wp-content/uploads/headshots/nba/latest/260x190/1627824.png
485,"Young, Thaddeus",21,Pacers,http://ak-static.cms.nba.com/wp-content/uploads/headshots/nba/latest/260x190/201152.png
486,"Young, Trae",11,Hawks,http://ak-static.cms.nba.com/wp-content/uploads/headshots/nba/latest/260x190/1629027.png
487,"Zeller, Cody",40,Hornets,http://ak-static.cms.nba.com/wp-content/uploads/headshots/nba/latest/260x190/203469.png
488,"Zizic, Ante",41,Cavaliers,http://ak-static.cms.nba.com/wp-content/uploads/headshots/nba/latest/260x190/1627790.png
489,"Zubac, Ivica",40,Clippers,http://ak-static.cms.nba.com/wp-content/uploads/headshots/nba/latest/260x190/1627826.png
